città,regione
CODEVILLA,LOMBARDIA
BARLETTA,PUGLIA
OSSANA,TRENTINO ALTO-ADIGE
BRONI,LOMBARDIA
BRA,PIEMONTE
ROMA,LAZIO
MURELLO,PIEMONTE
PONTEBBA,FRIULI-VENEZIA-GIULIA
GENOVA,LIGURIA
TORINO,PIEMONTE
ROMA,LAZIO
RIETI,LAZIO
LIVORNO,TOSCANA
ROMA,LAZIO
OLEVANO ROMANO,LAZIO
TORINO,PIEMONTE
TORINO,PIEMONTE
NAPOLI,CAMPANIA
CUGGIONO,LOMBARDIA
ROMA,LAZIO
PADOVA,VENETO
SARNO,CAMPANIA
PISTOIA,TOSCANA
BARLETTA,PUGLIA
SAN SEVERINO MARCHE,MARCHE
CATTOLICA,EMILIA-ROMAGNA
VICENZA,VENETO
LECCE,PUGLIA
PALERMO,SICILIA
SALSOMAGGIORE TERME,EMILIA-ROMAGNA
TORINO,PIEMONTE
PIACENZA,EMILIA-ROMAGNA
SAN VITO CHIETINO,ABRUZZO
CERVINARA,CAMPANIA
CENTO,EMILIA-ROMAGNA
LECCE,PUGLIA
MILANO,LOMBARDIA
FIRENZE,TOSCANA
UDINE,FRIULI-VENEZIA-GIULIA
REGGIO NELL'EMILIA,EMILIA-ROMAGNA
VIGNOLA,EMILIA-ROMAGNA
TRENTO,TRENTINO ALTO-ADIGE
CASTELFRANCO VENETO,VENETO
TORINO,PIEMONTE
VERONA,VENETO
FAENZA,EMILIA-ROMAGNA
NAPOLI,CAMPANIA
MODICA,SICILIA
TRENTO,TRENTINO ALTO-ADIGE
MEDA,LOMBARDIA
FOLIGNO,UMBRIA
PADOVA,VENETO
FOLIGNO,UMBRIA
FOLIGNO,UMBRIA
CECCANO,LAZIO
VERONA,VENETO
PARMA,EMILIA-ROMAGNA
CENGIO,LIGURIA
PISA,TOSCANA
CASTELFIORENTINO,TOSCANA
SAN ROMANO IN GARFAGNANA,TOSCANA
PADOVA,VENETO
BEDONIA,EMILIA-ROMAGNA
GENOVA,LIGURIA
COSENZA,CALABRIA
ALGHERO,SARDEGNA
NAPOLI,CAMPANIA
DESENZANO DEL GARDA,LOMBARDIA
ROMA,LAZIO
PISTOIA,TOSCANA
MODENA,EMILIA-ROMAGNA
GENAZZANO,LAZIO
FIRENZE,TOSCANA
CASTEL SAN PIETRO TERME,EMILIA-ROMAGNA
LECCE,PUGLIA
BERGAMO,LOMBARDIA
ISEO,LOMBARDIA
VENEZIA,VENETO
BOLOGNA,EMILIA-ROMAGNA
MAGENTA,LOMBARDIA
PALERMO,SICILIA
CAGLIARI,SARDEGNA
ROMA,LAZIO
PONTE SAN PIETRO,LOMBARDIA
BARI,PUGLIA
VICENZA,VENETO
CATANIA,SICILIA
MILANO,LOMBARDIA
CUNEO,PIEMONTE
AOSTA,VALLE D'AOSTA
SAN SPERATE,SARDEGNA
BORGO VALSUGANA,TRENTINO ALTO-ADIGE
PALUZZA,FRIULI-VENEZIA-GIULIA
LENO,LOMBARDIA
SAN SEVERO,PUGLIA
MILANO,LOMBARDIA
GENOVA,LIGURIA
CUNEO,PIEMONTE
CASSANO ALL'IONIO,CALABRIA
COMO,LOMBARDIA
ROMA,LAZIO
BOLOGNA,EMILIA-ROMAGNA
CARPI,EMILIA-ROMAGNA
MERATE,LOMBARDIA
ROMA,LAZIO
CAMPIGLIA MARITTIMA,TOSCANA
CAPISTRELLO,ABRUZZO
GROSSETO,TOSCANA
MADDALONI,CAMPANIA
CROTONE,CALABRIA
ROMA,LAZIO
PALERMO,SICILIA
,
,
,
,
,
,
MONTERADO,MARCHE
FERRARA,EMILIA-ROMAGNA
REGGIO NELL'EMILIA,EMILIA-ROMAGNA
FABBRICO,EMILIA-ROMAGNA
CANNOBIO,PIEMONTE
MILANO,LOMBARDIA
PIACENZA,EMILIA-ROMAGNA
TORINO,PIEMONTE
MONZA,LOMBARDIA
BRA,PIEMONTE
RIVOLI,PIEMONTE
BRONI,LOMBARDIA
MANTOVA,LOMBARDIA
MILANO,LOMBARDIA
UDINE,FRIULI-VENEZIA-GIULIA
BARGA,TOSCANA
CAGLIARI,SARDEGNA
SOCCHIEVE,FRIULI-VENEZIA-GIULIA
IVREA,PIEMONTE
COLLEFERRO,LAZIO
TORINO,PIEMONTE
PALERMO,SICILIA
SORA,LAZIO
CATANIA,SICILIA
MAZARA DEL VALLO,SICILIA
CORLEONE,SICILIA
AOSTA,VALLE D'AOSTA
NUORO,SARDEGNA
MODICA,SICILIA
BAGHERIA,SICILIA
MACERATA,MARCHE
FABRIANO,MARCHE
CATANIA,SICILIA
CATANIA,SICILIA
PARTANNA,SICILIA
SALUZZO,PIEMONTE
MONTAGNANA,VENETO
MILANO,LOMBARDIA
NAPOLI,CAMPANIA
BRESCIA,LOMBARDIA
ROMA,LAZIO
TORINO,PIEMONTE
BERGAMO,LOMBARDIA
CANOSA DI PUGLIA,PUGLIA
CASTELMASSA,VENETO
REGGIO NELL'EMILIA,EMILIA-ROMAGNA
FAENZA,EMILIA-ROMAGNA
MESSINA,SICILIA
SAN BENEDETTO PO,LOMBARDIA
VERONA,VENETO
OSIMO,MARCHE
CESENA,EMILIA-ROMAGNA
NURAMINIS,SARDEGNA
BOLOGNA,EMILIA-ROMAGNA
BRINDISI,PUGLIA
MILANO,LOMBARDIA
SAN MARTINO IN RIO,EMILIA-ROMAGNA
RONCIGLIONE,LAZIO
POTENZA PICENA,MARCHE
MANTOVA,LOMBARDIA
REGGIO NELL'EMILIA,EMILIA-ROMAGNA
MILANO,LOMBARDIA
NOVARA,PIEMONTE
PRATO,TOSCANA
NAPOLI,CAMPANIA
OSIMO,MARCHE
ACQUASPARTA,UMBRIA
VERBANIA,PIEMONTE
MAPELLO,LOMBARDIA
COLLE UMBERTO,VENETO
VENEZIA,VENETO
ROMA,LAZIO
TERNI,UMBRIA
ROMA,LAZIO
VENEZIA,VENETO
DOMUSNOVAS,SARDEGNA
BRESCIA,LOMBARDIA
ROMA,LAZIO
SOVICILLE,TOSCANA
POSSAGNO,VENETO
BARI,PUGLIA
CERIGNOLA,PUGLIA
ASTI,PIEMONTE
ROMA,LAZIO
TROIA,PUGLIA
CASTELLANA GROTTE,PUGLIA
FORLI',EMILIA-ROMAGNA
CASTELLAMMARE DI STABIA,CAMPANIA
CAVRIAGO,EMILIA-ROMAGNA
INVERIGO,LOMBARDIA
ROMAGNANO SESIA,PIEMONTE
TRIESTE,FRIULI-VENEZIA-GIULIA
DESENZANO DEL GARDA,LOMBARDIA
BRUGNERA,FRIULI-VENEZIA-GIULIA
CAPRIATE SAN GERVASIO,LOMBARDIA
GAVELLO,VENETO
COLZATE,LOMBARDIA
ISOLA DEL LIRI,LAZIO
VALGRANA,PIEMONTE
MERETO DI TOMBA,FRIULI-VENEZIA-GIULIA
ARGELATO,EMILIA-ROMAGNA
LANZO TORINESE,PIEMONTE
GEMONA DEL FRIULI,FRIULI-VENEZIA-GIULIA
CIVITANOVA MARCHE,MARCHE
BUSACHI,SARDEGNA
CHIARAVALLE,MARCHE
COMO,LOMBARDIA
RIONERO IN VULTURE,BASILICATA
FIRENZE,TOSCANA
ROCCHETTA SANT'ANTONIO,PUGLIA
MILANO,LOMBARDIA
REGGIO NELL'EMILIA,EMILIA-ROMAGNA
FIESOLE,TOSCANA
FOLIGNO,UMBRIA
RIO MARINA,TOSCANA
TORINO,PIEMONTE
MILANO,LOMBARDIA
CANONICA D'ADDA,LOMBARDIA
CATANZARO,CALABRIA
TORINO,PIEMONTE
,
,
,
PISTOIA,TOSCANA
MESSINA,SICILIA
SALERNO,CAMPANIA
NAPOLI,CAMPANIA
SAN SEBASTIANO CURONE,PIEMONTE
NOVARA,PIEMONTE
VAILATE,LOMBARDIA
CHIARI,LOMBARDIA
CERIGNOLA,PUGLIA
PADOVA,VENETO
CEGLIE MESSAPICA,PUGLIA
NAPOLI,CAMPANIA
AFRAGOLA,CAMPANIA
GONZAGA,LOMBARDIA
LIVORNO,TOSCANA
PARUZZARO,PIEMONTE
TRAPANI,SICILIA
RIVELLO,BASILICATA
BUSALLA,LIGURIA
CALTAGIRONE,SICILIA
SULMONA,ABRUZZO
CASSINO,LAZIO
AREZZO,TOSCANA
ANCONA,MARCHE
LATINA,LAZIO
ROMA,LAZIO
ROMA,LAZIO
CATANZARO,CALABRIA
CERVIGNANO DEL FRIULI,FRIULI-VENEZIA-GIULIA
TEGLIO,LOMBARDIA
ZOGNO,LOMBARDIA
BOLZANO/BOZEN,TRENTINO ALTO-ADIGE
CARONNO PERTUSELLA,LOMBARDIA
STAGNO LOMBARDO,LOMBARDIA
LOCRI,CALABRIA
GENOVA,LIGURIA
PADOVA,VENETO
ROMA,LAZIO
GENOVA,LIGURIA
TREVISO,VENETO
COSENZA,CALABRIA
ROMA,LAZIO
GALLIATE,PIEMONTE
ROMA,LAZIO
MILANO,LOMBARDIA
MONZA,LOMBARDIA
BOLOGNA,EMILIA-ROMAGNA
TARQUINIA,LAZIO
COMO,LOMBARDIA
SONCINO,LOMBARDIA
FIRENZE,TOSCANA
ERBA,LOMBARDIA
NOVI LIGURE,PIEMONTE
TORINO,PIEMONTE
ROMA,LAZIO
ROMA,LAZIO
BENEVENTO,CAMPANIA
ROMA,LAZIO
ROMA,LAZIO
ALTAVILLA IRPINA,CAMPANIA
SANTA MARIA CAPUA VETERE,CAMPANIA
ERCOLANO,CAMPANIA
ROMA,LAZIO
VICENZA,VENETO
BASSANO DEL GRAPPA,VENETO
LENDINARA,VENETO
PIOVE DI SACCO,VENETO
ROMA,LAZIO
LATIANO,PUGLIA
BORGOMANERO,PIEMONTE
SASSARI,SARDEGNA
BOLOGNA,EMILIA-ROMAGNA
LARINO,MOLISE
MERCATO SARACENO,EMILIA-ROMAGNA
RIMINI,EMILIA-ROMAGNA
PIACENZA,EMILIA-ROMAGNA
ROMA,LAZIO
MILANO,LOMBARDIA
THIESI,SARDEGNA
PIANCASTAGNAIO,TOSCANA
SAN GIOVANNI IN PERSICETO,EMILIA-ROMAGNA
MONDOVI',PIEMONTE
CUNEO,PIEMONTE
REGGIO NELL'EMILIA,EMILIA-ROMAGNA
TRENTO,TRENTINO ALTO-ADIGE
LIVORNO,TOSCANA
LIVORNO,TOSCANA
CAIRO MONTENOTTE,LIGURIA
FIRENZE,TOSCANA
CASALE MONFERRATO,PIEMONTE
ROMA,LAZIO
PARMA,EMILIA-ROMAGNA
TREVISO,VENETO
PADOVA,VENETO
CIVIDATE AL PIANO,LOMBARDIA
ROMA,LAZIO
MILANO,LOMBARDIA
DARFO BOARIO TERME,LOMBARDIA
CASTELNUOVO RANGONE,EMILIA-ROMAGNA
MILANO,LOMBARDIA
MILANO,LOMBARDIA
SAN GIOVANNI IN PERSICETO,EMILIA-ROMAGNA
ROMA,LAZIO
CHIUSA DI SAN MICHELE,PIEMONTE
TREVISO,VENETO
LEGNAGO,VENETO
MILANO,LOMBARDIA
SEZZE,LAZIO
BARI,PUGLIA
BAGNACAVALLO,EMILIA-ROMAGNA
BRUNATE,LOMBARDIA
MILANO,LOMBARDIA
VENEZIA,VENETO
MODENA,EMILIA-ROMAGNA
SUSA,PIEMONTE
SINALUNGA,TOSCANA
MANTOVA,LOMBARDIA
PISA,TOSCANA
ROMA,LAZIO
SANTA CROCE SULL'ARNO,TOSCANA
ROMA,LAZIO
PIACENZA,EMILIA-ROMAGNA
CHIARAVALLE CENTRALE,CALABRIA
COMO,LOMBARDIA
TRAMONTI DI SOPRA,FRIULI-VENEZIA-GIULIA
VOGHERA,LOMBARDIA
MORSASCO,PIEMONTE
NAPOLI,CAMPANIA
FIRENZE,TOSCANA
LOCRI,CALABRIA
MASSA,TOSCANA
PICERNO,BASILICATA
MONTELLA,CAMPANIA
MILANO,LOMBARDIA
VENTIMIGLIA,LIGURIA
VEZZANO SUL CROSTOLO,EMILIA-ROMAGNA
NAPOLI,CAMPANIA
FONTANELLATO,EMILIA-ROMAGNA
MANERBIO,LOMBARDIA
NAPOLI,CAMPANIA
MILANO,LOMBARDIA
URBINO,MARCHE
CAMPOBELLO DI LICATA,SICILIA
BARI,PUGLIA
FIRENZE,TOSCANA
VIGNOLA,EMILIA-ROMAGNA
MACERATA,MARCHE
,
BASSANO DEL GRAPPA,VENETO
AVEZZANO,ABRUZZO
LECCO,LOMBARDIA
FICAROLO,VENETO
ROMA,LAZIO
MONTEROTONDO,LAZIO
CASTELFRANCO DI SOTTO,TOSCANA
VENEZIA,VENETO
,
FOGGIA,PUGLIA
FALCADE,VENETO
CERMES,TRENTINO ALTO-ADIGE
SUBBIANO,TOSCANA
BOLZANO/BOZEN,TRENTINO ALTO-ADIGE
SALO',LOMBARDIA
ISOLA DEL LIRI,LAZIO
VIAREGGIO,TOSCANA
GROSSETO,TOSCANA
PALERMO,SICILIA
PALERMO,SICILIA
CASTELLANA GROTTE,PUGLIA
ROMA,LAZIO
BARI,PUGLIA
BARI,PUGLIA
AVEZZANO,ABRUZZO
VIGNOLA,EMILIA-ROMAGNA
REGGIO DI CALABRIA,CALABRIA
FILADELFIA,CALABRIA
ROMA,LAZIO
ROMA,LAZIO
PESCARA,ABRUZZO
VETRALLA,LAZIO
MONTERONI D'ARBIA,TOSCANA
MILANO,LOMBARDIA
PALERMO,SICILIA
CASAL DI PRINCIPE,CAMPANIA
CITTA' DI CASTELLO,UMBRIA
PIEDIMONTE MATESE,CAMPANIA
COLLEPASSO,PUGLIA
TORINO,PIEMONTE
ROSETO DEGLI ABRUZZI,ABRUZZO
SAN BONIFACIO,VENETO
MATERA,BASILICATA
BORGOMANERO,PIEMONTE
SAN DORLIGO DELLA VALLE-DOLINA,FRIULI-VENEZIA-GIULIA
FIRENZE,TOSCANA
COLLESANO,SICILIA
VENEZIA,VENETO
ROMA,LAZIO
MILANO,LOMBARDIA
TORINO,PIEMONTE
BRESCIA,LOMBARDIA
TORINO,PIEMONTE
TORINO,PIEMONTE
BERGAMO,LOMBARDIA
TORINO,PIEMONTE
OGGIONO,LOMBARDIA
TRADATE,LOMBARDIA
PISOGNE,LOMBARDIA
TORINO,PIEMONTE
TORINO,PIEMONTE
BOLZANO/BOZEN,TRENTINO ALTO-ADIGE
MELITO DI PORTO SALVO,CALABRIA
ESTE,VENETO
PADOVA,VENETO
CONSELVE,VENETO
ROMA,LAZIO
MAZZARINO,SICILIA
TORINO,PIEMONTE
VICENZA,VENETO
MONTAGNANA,VENETO
TREGNAGO,VENETO
MASERADA SUL PIAVE,VENETO
PORTOGRUARO,VENETO
SAN DONA' DI PIAVE,VENETO
UDINE,FRIULI-VENEZIA-GIULIA
TRIESTE,FRIULI-VENEZIA-GIULIA
MILANO,LOMBARDIA
PERUGIA,UMBRIA
PARMA,EMILIA-ROMAGNA
CITTA' DI CASTELLO,UMBRIA
BOLOGNA,EMILIA-ROMAGNA
VADO LIGURE,LIGURIA
ROMA,LAZIO
ACQUAPENDENTE,LAZIO
GENOVA,LIGURIA
TRECASALI,EMILIA-ROMAGNA
TERMOLI,MOLISE
JESI,MARCHE
MACERATA,MARCHE
ROMA,LAZIO
ROMA,LAZIO
MACERATA,MARCHE
ORISTANO,SARDEGNA
SASSOCORVARO,MARCHE
JESI,MARCHE
CIVITAVECCHIA,LAZIO
ORBETELLO,TOSCANA
NAPOLI,CAMPANIA
CIVITAVECCHIA,LAZIO
CISTERNINO,PUGLIA
ROMA,LAZIO
TIVOLI,LAZIO
ROMA,LAZIO
RIMINI,EMILIA-ROMAGNA
PESARO,MARCHE
NAPOLI,CAMPANIA
NAPOLI,CAMPANIA
POLLA,CAMPANIA
NAPOLI,CAMPANIA
TARANTO,PUGLIA
SANTA MARIA CAPUA VETERE,CAMPANIA
ALTAMURA,PUGLIA
SALERNO,CAMPANIA
CARPI,EMILIA-ROMAGNA
SAN PIETRO VERNOTICO,PUGLIA
ROMA,LAZIO
AVELLINO,CAMPANIA
POVIGLIO,EMILIA-ROMAGNA
AGROPOLI,CAMPANIA
RIMINI,EMILIA-ROMAGNA
BOLOGNA,EMILIA-ROMAGNA
MONTECCHIO EMILIA,EMILIA-ROMAGNA
TRICARICO,BASILICATA
EMPOLI,TOSCANA
PALERMO,SICILIA
PALERMO,SICILIA
TRENTO,TRENTINO ALTO-ADIGE
CASALE MONFERRATO,PIEMONTE
CUNEO,PIEMONTE
PALERMO,SICILIA
CUNEO,PIEMONTE
CAGLIARI,SARDEGNA
CAGLIARI,SARDEGNA
PALERMO,SICILIA
PALERMO,SICILIA
PALERMO,SICILIA
CALTANISSETTA,SICILIA
SADALI,SARDEGNA
CARINI,SICILIA
FLORINAS,SARDEGNA
CHIETI,ABRUZZO
CASTIGLIONE DEL LAGO,UMBRIA
AGIRA,SICILIA
PISA,TOSCANA
CAGLIARI,SARDEGNA
PATTI,SICILIA
REGGIO DI CALABRIA,CALABRIA
FIGLINE VALDARNO,TOSCANA
GRIMALDI,CALABRIA
CASCIANA TERME,TOSCANA
PISTOIA,TOSCANA
COSENZA,CALABRIA
ROMA,LAZIO
MONTEVARCHI,TOSCANA
ROMA,LAZIO
VARESE,LOMBARDIA
CARRARA,TOSCANA
BOLLATE,LOMBARDIA
ROMA,LAZIO
REGGIO NELL'EMILIA,EMILIA-ROMAGNA
VILLA D'ALME',LOMBARDIA
CERNUSCO SUL NAVIGLIO,LOMBARDIA
MILANO,LOMBARDIA
BRESCIA,LOMBARDIA
TREVIGLIO,LOMBARDIA
LECCE,PUGLIA
FANO,MARCHE
OGGIONO,LOMBARDIA
CALTABELLOTTA,SICILIA
SORTINO,SICILIA
POLESELLA,VENETO
GENOVA,LIGURIA
,
,
,
,
,
CODOGNO,LOMBARDIA
VARESE,LOMBARDIA
TRIGGIANO,PUGLIA
TROPEA,CALABRIA
CONEGLIANO,VENETO
MARSALA,SICILIA
PARMA,EMILIA-ROMAGNA
PALERMO,SICILIA
ALTOPASCIO,TOSCANA
VARALLO,PIEMONTE
BARI,PUGLIA
NOVARA,PIEMONTE
PISA,TOSCANA
LATINA,LAZIO
LUCCA,TOSCANA
CARBONIA,SARDEGNA
MILANO,LOMBARDIA
MILANO,LOMBARDIA
SIRACUSA,SICILIA
PALAZZOLO ACREIDE,SICILIA
BARCELLONA POZZO DI GOTTO,SICILIA
ROMA,LAZIO
BARI,PUGLIA
ROMA,LAZIO
SAN VITO DEI NORMANNI,PUGLIA
MILANO,LOMBARDIA
SANREMO,LIGURIA
BRESCIA,LOMBARDIA
MONTICELLI D'ONGINA,EMILIA-ROMAGNA
RAVENNA,EMILIA-ROMAGNA
GENOVA,LIGURIA
POGLIANO MILANESE,LOMBARDIA
AUGUSTA,SICILIA
VICENZA,VENETO
CASSANO MAGNAGO,LOMBARDIA
TORRE PELLICE,PIEMONTE
TORINO,PIEMONTE
ROMA,LAZIO
TORINO,PIEMONTE
BUSTO ARSIZIO,LOMBARDIA
SAMOLACO,LOMBARDIA
AGNA,VENETO
TRIESTE,FRIULI-VENEZIA-GIULIA
ESCALAPLANO,SARDEGNA
NAPOLI,CAMPANIA
NOVI LIGURE,PIEMONTE
MILANO,LOMBARDIA
STRADELLA,LOMBARDIA
MIRANO,VENETO
FORMICOLA,CAMPANIA
NAPOLI,CAMPANIA
FAENZA,EMILIA-ROMAGNA
MONZA,LOMBARDIA
LAMEZIA TERME,CALABRIA
BOLOGNANO,ABRUZZO
ARCEVIA,MARCHE
CORTALE,CALABRIA
UDINE,FRIULI-VENEZIA-GIULIA
SOLIERA,EMILIA-ROMAGNA
FERRARA,EMILIA-ROMAGNA
CAREGGINE,TOSCANA
LEGNANO,LOMBARDIA
CAMPO TURES,TRENTINO ALTO-ADIGE
CATANIA,SICILIA
ROMA,LAZIO
VILLONGO,LOMBARDIA
CANTIANO,MARCHE
TRIESTE,FRIULI-VENEZIA-GIULIA
VICCHIO,TOSCANA
FASANO,PUGLIA
CASTENEDOLO,LOMBARDIA
PALERMO,SICILIA
SAN POSSIDONIO,EMILIA-ROMAGNA
BASSANO DEL GRAPPA,VENETO
NAPOLI,CAMPANIA
CITTA' SANT'ANGELO,ABRUZZO
LIVORNO,TOSCANA
CAMPOBASSO,MOLISE
L'AQUILA,ABRUZZO
MILANO,LOMBARDIA
ARGENTA,EMILIA-ROMAGNA
ALBARETO,EMILIA-ROMAGNA
LERCARA FRIDDI,SICILIA
ROMA,LAZIO
TORINO,PIEMONTE
NAPOLI,CAMPANIA
SAMPIERDARENA,LIGURIA
POZZONOVO,VENETO
MODENA,EMILIA-ROMAGNA
MILANO,LOMBARDIA
TORINO,PIEMONTE
MASSA FERMANA,MARCHE
CATANIA,SICILIA
TORINO,PIEMONTE
RIETI,LAZIO
ACQUI TERME,PIEMONTE
PIEVE PORTO MORONE,LOMBARDIA
,
,
,
,
,
,
FIRENZE,TOSCANA
MILANO,LOMBARDIA
AREZZO,TOSCANA
NAPOLI,CAMPANIA
CALTAGIRONE,SICILIA
,
MESSINA,SICILIA
SALERNO,CAMPANIA
MONCALIERI,PIEMONTE
ROSSANO,CALABRIA
PARMA,EMILIA-ROMAGNA
CUNEO,PIEMONTE
POLIGNANO A MARE,PUGLIA
ASOLA,LOMBARDIA
SACILE,FRIULI-VENEZIA-GIULIA
CASORIA,CAMPANIA
GENOVA,LIGURIA
CORREGGIO,EMILIA-ROMAGNA
BOLOGNA,EMILIA-ROMAGNA
ALBANO LAZIALE,LAZIO
MILANO,LOMBARDIA
MILANO,LOMBARDIA
VICO EQUENSE,CAMPANIA
BAGNO DI ROMAGNA,EMILIA-ROMAGNA
PALERMO,SICILIA
IGLESIAS,SARDEGNA
TREVISO,VENETO
ASCOLI PICENO,MARCHE
FIDENZA,EMILIA-ROMAGNA
LATINA,LAZIO
ROVERETO,TRENTINO ALTO-ADIGE
MESSINA,SICILIA
ROMA,LAZIO
CAMERINO,MARCHE
NAPOLI,CAMPANIA
MADDALONI,CAMPANIA
PAVIA,LOMBARDIA
TARANTO,PUGLIA
OZIERI,SARDEGNA
PAVIA,LOMBARDIA
TORINO,PIEMONTE
VILLA DI CHIAVENNA,LOMBARDIA
OCCHIOBELLO,VENETO
SANTA MARIA A VICO,CAMPANIA
APPIGNANO,MARCHE
VIMERCATE,LOMBARDIA
SAN BENEDETTO DEL TRONTO,MARCHE
SENIGALLIA,MARCHE
LOANO,LIGURIA
LA SPEZIA,LIGURIA
FORLI',EMILIA-ROMAGNA
BARI,PUGLIA
ORISTANO,SARDEGNA
MILANO,LOMBARDIA
REGGIO NELL'EMILIA,EMILIA-ROMAGNA
RIMINI,EMILIA-ROMAGNA
BARCELLONA POZZO DI GOTTO,SICILIA
BARI,PUGLIA
NAPOLI,CAMPANIA
PALERMO,SICILIA
BITONTO,PUGLIA
NAPOLI,CAMPANIA
LATISANA,FRIULI-VENEZIA-GIULIA
VIAREGGIO,TOSCANA
ROMA,LAZIO
ROMA,LAZIO
AGRIGENTO,SICILIA
BRINDISI,PUGLIA
LUCERA,PUGLIA
JESI,MARCHE
CHIETI,ABRUZZO
SAN GIOVANNI ROTONDO,PUGLIA
NAPOLI,CAMPANIA
GROSSETO,TOSCANA
GIULIANOVA,ABRUZZO
SAN GIULIANO TERME,TOSCANA
TARANTO,PUGLIA
CATANIA,SICILIA
TORINO,PIEMONTE
NAPOLI,CAMPANIA
PALERMO,SICILIA
ROMA,LAZIO
CALTANISSETTA,SICILIA
NAPOLI,CAMPANIA
ZINASCO,LOMBARDIA
ROMA,LAZIO
ALGHERO,SARDEGNA
FABRIANO,MARCHE
FOGGIA,PUGLIA
NAPOLI,CAMPANIA
LARINO,MOLISE
MESSINA,SICILIA
REGGIO DI CALABRIA,CALABRIA
MAZARA DEL VALLO,SICILIA
GELA,SICILIA
NAPOLI,CAMPANIA
ROMA,LAZIO
MELITO DI PORTO SALVO,CALABRIA
SALERNO,CAMPANIA
SAN GENNARO VESUVIANO,CAMPANIA
ISERNIA,MOLISE
SAN SEVERO,PUGLIA
PIACENZA,EMILIA-ROMAGNA
PRATO,TOSCANA
NARDO',PUGLIA
ROMA,LAZIO
BARI,PUGLIA
CASTELLAMMARE DI STABIA,CAMPANIA
COSENZA,CALABRIA
CALCINAIA,TOSCANA
PARMA,EMILIA-ROMAGNA
PUTIGNANO,PUGLIA
SANT'AGATA DI MILITELLO,SICILIA
COMACCHIO,EMILIA-ROMAGNA
ROMA,LAZIO
PAGANI,CAMPANIA
MADDALONI,CAMPANIA
VALDOBBIADENE,VENETO
URBINO,MARCHE
LA SPEZIA,LIGURIA
MOTTA DI LIVENZA,VENETO
TORINO,PIEMONTE
TREVIGLIO,LOMBARDIA
REGGIO DI CALABRIA,CALABRIA
TORINO,PIEMONTE
SAN DONA' DI PIAVE,VENETO
THIENE,VENETO
MANERBIO,LOMBARDIA
NEGRAR,VENETO
VERBANIA,PIEMONTE
VOGHERA,LOMBARDIA
MONSELICE,VENETO
REGGIO NELL'EMILIA,EMILIA-ROMAGNA
ROMA,LAZIO
PINZOLO,TRENTINO ALTO-ADIGE
FERENTINO,LAZIO
MILANO,LOMBARDIA
TORINO,PIEMONTE
FINALE LIGURE,LIGURIA
SIRACUSA,SICILIA
BRESCIA,LOMBARDIA
FIRENZE,TOSCANA
CANDA,VENETO
MANTOVA,LOMBARDIA
MAROSTICA,VENETO
BATTIPAGLIA,CAMPANIA
CLES,TRENTINO ALTO-ADIGE
COSENZA,CALABRIA
PAVIA,LOMBARDIA
LIVORNO,TOSCANA
PALERMO,SICILIA
TORINO,PIEMONTE
BENEVENTO,CAMPANIA
VENARIA REALE,PIEMONTE
ANGRI,CAMPANIA
CATANZARO,CALABRIA
CALCINATE,LOMBARDIA
ASOLO,VENETO
VIZZOLO PREDABISSI,LOMBARDIA
COMO,LOMBARDIA
BORGO VALSUGANA,TRENTINO ALTO-ADIGE
OSIO SOTTO,LOMBARDIA
VILLAFRANCA DI VERONA,VENETO
ROVERETO,TRENTINO ALTO-ADIGE
SORA,LAZIO
TEANO,CAMPANIA
TORINO,PIEMONTE
AVELLINO,CAMPANIA
ALATRI,LAZIO
TRIESTE,FRIULI-VENEZIA-GIULIA
SAN MINIATO,TOSCANA
ISERNIA,MOLISE
CATANIA,SICILIA
UDINE,FRIULI-VENEZIA-GIULIA
ENNA,SICILIA
SPINEA,VENETO
ESTE,VENETO
GENOVA,LIGURIA
VIAREGGIO,TOSCANA
VERONA,VENETO
AGRIGENTO,SICILIA
MILANO,LOMBARDIA
COSENZA,CALABRIA
ROMA,LAZIO
TARANTO,PUGLIA
PRATO,TOSCANA
MILANO,LOMBARDIA
GONZAGA,LOMBARDIA
TRIESTE,FRIULI-VENEZIA-GIULIA
CAGLIARI,SARDEGNA
CATANIA,SICILIA
LA SPEZIA,LIGURIA
FORLI',EMILIA-ROMAGNA
SALERNO,CAMPANIA
NONANTOLA,EMILIA-ROMAGNA
FORMIA,LAZIO
CASERTA,CAMPANIA
SARTEANO,TOSCANA
NAPOLI,CAMPANIA
NEGRAR DI VALPOLICELLA,VENETO
,
,
,
ROMA,LAZIO
ROMA,LAZIO
GALATINA,PUGLIA
CECCANO,LAZIO
MELITO DI PORTO SALVO,CALABRIA
POTENZA,BASILICATA
FOGGIA,PUGLIA
CASTELFIORENTINO,TOSCANA
L'AQUILA,ABRUZZO
TORTONA,PIEMONTE
MILANO,LOMBARDIA
VALDOBBIADENE,VENETO
SALERNO,CAMPANIA
BERGAMO,LOMBARDIA
MILANO,LOMBARDIA
PIETRASANTA,TOSCANA
CESANO MADERNO,LOMBARDIA
NAPOLI,CAMPANIA
CORREGGIO,EMILIA-ROMAGNA
SESTRI LEVANTE,LIGURIA
NUORO,SARDEGNA
BUSTO ARSIZIO,LOMBARDIA
RIMINI,EMILIA-ROMAGNA
BRESCIA,LOMBARDIA
CHIAVARI,LIGURIA
MODENA,EMILIA-ROMAGNA
ANDRIA,PUGLIA
PALERMO,SICILIA
REGGIO DI CALABRIA,CALABRIA
,
,
TOLMEZZO,FRIULI-VENEZIA-GIULIA
