città,regione
ROCCAPIEMONTE,CAMPANIA
ROMENTINO,PIEMONTE
PAVULLO NEL FRIGNANO,EMILIA-ROMAGNA
AGORDO,VENETO
ALANO DI PIAVE,VENETO
CHIETI,ABRUZZO
TORRE SANTA SUSANNA,PUGLIA
MILANO,LOMBARDIA
FRATTA POLESINE,VENETO
TERMINI IMERESE,SICILIA
COMO,LOMBARDIA
BORDIGHERA,LIGURIA
CARRARA,TOSCANA
VALLO DELLA LUCANIA,CAMPANIA
FOGGIA,PUGLIA
MAZZARINO,SICILIA
GRANAGLIONE,EMILIA-ROMAGNA
PRATO,TOSCANA
PADOVA,VENETO
OSTUNI,PUGLIA
MARINEO,SICILIA
BORGOSESIA,PIEMONTE
SAN NICOLA DA CRISSA,CALABRIA
CATANIA,SICILIA
ROMA,LAZIO
RUVO DI PUGLIA,PUGLIA
BACOLI,CAMPANIA
NIZZA DI SICILIA,SICILIA
CARINOLA,CAMPANIA
ATESSA,ABRUZZO
CIGLIANO,PIEMONTE
COSENZA,CALABRIA
CHIAVARI,LIGURIA
ROMA,LAZIO
FIRENZE,TOSCANA
ANDRIA,PUGLIA
GUIGLIA,EMILIA-ROMAGNA
CATANZARO,CALABRIA
PESCINA,ABRUZZO
RIPI,LAZIO
ISOLA D'ASTI,PIEMONTE
CAMPLI,ABRUZZO
GATTEO,EMILIA-ROMAGNA
BAGHERIA,SICILIA
MESSINA,SICILIA
ROMA,LAZIO
CASTEL GOFFREDO,LOMBARDIA
MONZA,LOMBARDIA
TORINO,PIEMONTE
REGGIO DI CALABRIA,CALABRIA
BOLOGNA,EMILIA-ROMAGNA
MONTIERI,TOSCANA
MAGRE',VENETO
VICENZA,VENETO
VERONA,VENETO
MILANO,LOMBARDIA
GENOVA,LIGURIA
CATANIA,SICILIA
CASTELBUONO,SICILIA
CATANZARO,CALABRIA
TORINO,PIEMONTE
ROMA,LAZIO
LEGNANO,LOMBARDIA
ROVERETO,TRENTINO ALTO-ADIGE
APICE,CAMPANIA
DESENZANO DEL GARDA,LOMBARDIA
SIENA,TOSCANA
SCHIO,VENETO
PESCIA,TOSCANA
PAVIA DI UDINE,FRIULI-VENEZIA-GIULIA
SONDALO,LOMBARDIA
CERMENATE,LOMBARDIA
SANTA TERESA DI RIVA,SICILIA
PARMA,EMILIA-ROMAGNA
VERONA,VENETO
MOLFETTA,PUGLIA
CATANIA,SICILIA
ROMA,LAZIO
MOLFETTA,PUGLIA
FIRENZE,TOSCANA
ROMA,LAZIO
MURO LUCANO,BASILICATA
CATANZARO,CALABRIA
GINOSA,PUGLIA
SPELLO,UMBRIA
TRAPANI,SICILIA
CANDELARA,MARCHE
BIELLA,PIEMONTE
VERONA,VENETO
NAPOLI,CAMPANIA
GENOVA,LIGURIA
TORINO,PIEMONTE
TRENTO,TRENTINO ALTO-ADIGE
NAPOLI,CAMPANIA
ROMA,LAZIO
COSENZA,CALABRIA
BARLETTA,PUGLIA
FERRARA,EMILIA-ROMAGNA
TUFO,CAMPANIA
SALERNO,CAMPANIA
VICENZA,VENETO
PARTINICO,SICILIA
NAPOLI,CAMPANIA
CREMONA,LOMBARDIA
GARDONE VAL TROMPIA,LOMBARDIA
MANTOVA,LOMBARDIA
LICCIANA NARDI,TOSCANA
LUCCA,TOSCANA
CAVRIGLIA,TOSCANA
PARMA,EMILIA-ROMAGNA
CURA CARPIGNANO,LOMBARDIA
LIVORNO,TOSCANA
ROMA,LAZIO
TRIESTE,FRIULI-VENEZIA-GIULIA
VIGNONE,PIEMONTE
COLOGNA VENETA,VENETO
CASTELLAMMARE DEL GOLFO,SICILIA
BACENO,PIEMONTE
LENDINARA,VENETO
SALAPARUTA,SICILIA
NOLA,CAMPANIA
BALLAO,SARDEGNA
MARTINA FRANCA,PUGLIA
PUTIGNANO,PUGLIA
GALATINA,PUGLIA
CALITRI,CAMPANIA
CIVITA CASTELLANA,LAZIO
LECCE,PUGLIA
TRENTO,TRENTINO ALTO-ADIGE
MONTEBELLO VICENTINO,VENETO
TERRANUOVA BRACCIOLINI,TOSCANA
RIMINI,EMILIA-ROMAGNA
SANT'ANTIOCO,SARDEGNA
MELFI,BASILICATA
LICATA,SICILIA
MONTEGROSSO D'ASTI,PIEMONTE
GENOVA,LIGURIA
VITERBO,LAZIO
CASSANO MAGNAGO,LOMBARDIA
CODOGNO,LOMBARDIA
ROGLIANO,CALABRIA
ARIANO IRPINO,CAMPANIA
MACERATA,MARCHE
LECCO,LOMBARDIA
CASOLI,ABRUZZO
,
LECCE NEI MARSI,ABRUZZO
VILLAFRANCA IN LUNIGIANA,TOSCANA
ORTE,LAZIO
TORINO,PIEMONTE
BASSANO DEL GRAPPA,VENETO
NUORO,SARDEGNA
CORLEONE,SICILIA
ASCOLI PICENO,MARCHE
AGRIGENTO,SICILIA
LANUSEI,SARDEGNA
PALERMO,SICILIA
MESSINA,SICILIA
URAS,SARDEGNA
PESARO,MARCHE
CATANIA,SICILIA
SASSARI,SARDEGNA
CAGLIARI,SARDEGNA
BARCELLONA POZZO DI GOTTO,SICILIA
VICENZA,VENETO
VITTORIA,SICILIA
OLBIA,SARDEGNA
TREIA,MARCHE
SAN CATALDO,SICILIA
CALATAFIMI-SEGESTA,SICILIA
BRESSANONE,TRENTINO ALTO-ADIGE
COMO,LOMBARDIA
MARIGLIANELLA,CAMPANIA
MEDIGLIA,LOMBARDIA
TORINO,PIEMONTE
PIEGARO,UMBRIA
ROMA,LAZIO
FIRENZE,TOSCANA
CORTONA,TOSCANA
CRESPADORO,VENETO
CATONA,CALABRIA
SAN FIOR,VENETO
MEZZANA MORTIGLIENGO,PIEMONTE
ROMA,LAZIO
CATANIA,SICILIA
SAN GIORGIO DI LOMELLINA,LOMBARDIA
VERNASCA,EMILIA-ROMAGNA
VASTO,ABRUZZO
LECCE,PUGLIA
AFRAGOLA,CAMPANIA
USSITA,MARCHE
CAGLIARI,SARDEGNA
MONOPOLI,PUGLIA
MARANZANA,PIEMONTE
MILANO,LOMBARDIA
CAVRIAGO,EMILIA-ROMAGNA
CATANZARO,CALABRIA
PONTE SAN PIETRO,LOMBARDIA
PORDENONE,FRIULI-VENEZIA-GIULIA
PERUGIA,UMBRIA
VISSO,MARCHE
GUBBIO,UMBRIA
BRESCIA,LOMBARDIA
LARCIANO,TOSCANA
PALERMO,SICILIA
ROMA,LAZIO
LORENTINO,LOMBARDIA
FIUMEDINISI,SICILIA
MAGIONE,UMBRIA
ASTI,PIEMONTE
SAPRI,CAMPANIA
VIZZINI,SICILIA
MARRADI,TOSCANA
SIRACUSA,SICILIA
SAN GIORGIO DI NOGARO,FRIULI-VENEZIA-GIULIA
UDINE,FRIULI-VENEZIA-GIULIA
TERNI,UMBRIA
CINISELLO BALSAMO,LOMBARDIA
MILANO,LOMBARDIA
PIOMBINO,TOSCANA
MONTESARCHIO,CAMPANIA
SAN MINIATO,TOSCANA
CESENA,EMILIA-ROMAGNA
SIRACUSA,SICILIA
,
,
OLEVANO ROMANO,LAZIO
VITERBO,LAZIO
FICARRA,SICILIA
ROMA,LAZIO
GIARRATANA,SICILIA
CREMONA,LOMBARDIA
GENOVA,LIGURIA
CHIVASSO,PIEMONTE
MONTECORVINO ROVELLA,CAMPANIA
PALERMO,SICILIA
BENEVENTO,CAMPANIA
IMOLA,EMILIA-ROMAGNA
RONCOFREDDO,EMILIA-ROMAGNA
PEDACE,CALABRIA
MILANO,LOMBARDIA
NOLA,CAMPANIA
MESAGNE,PUGLIA
NAPOLI,CAMPANIA
NAPOLI,CAMPANIA
COSENZA,CALABRIA
VIGGIANELLO,BASILICATA
ROVIGO,VENETO
PARMA,EMILIA-ROMAGNA
OSTUNI,PUGLIA
MODENA,EMILIA-ROMAGNA
SAN DONA' DI PIAVE,VENETO
SALERNO,CAMPANIA
LIMIDI DI SOLIERA,EMILIA-ROMAGNA
NAPOLI,CAMPANIA
CAGLIARI,SARDEGNA
ITTIRI,SARDEGNA
TORINO,PIEMONTE
REGGIO NELL'EMILIA,EMILIA-ROMAGNA
ROCCALUMERA,SICILIA
MONDOVI',PIEMONTE
SASSARI,SARDEGNA
IMPRUNETA,TOSCANA
MILANO,LOMBARDIA
LECCO,LOMBARDIA
RAMACCA,SICILIA
VALLELONGA,CALABRIA
PICCIONARA,TOSCANA
CLUSONE,LOMBARDIA
CORIGLIANO CALABRO,CALABRIA
APIRO,MARCHE
PIACENZA,EMILIA-ROMAGNA
BITONTO,PUGLIA
SPELLO,UMBRIA
SANNICANDRO DI BARI,PUGLIA
GALLIERA,EMILIA-ROMAGNA
ASCOLI PICENO,MARCHE
CENESELLI,VENETO
SINALUNGA,TOSCANA
TORELLA DEI LOMBARDI,CAMPANIA
CALTANISSETTA,SICILIA
ROVERETO,TRENTINO ALTO-ADIGE
ROVATO,LOMBARDIA
TRENTO,TRENTINO ALTO-ADIGE
VOLTA MANTOVANA,LOMBARDIA
BITONTO,PUGLIA
CITTANOVA,CALABRIA
CISTERNINO,PUGLIA
BELVEGLIO,PIEMONTE
FLORIDIA,SICILIA
MONTORO SUPERIORE,CAMPANIA
CITTA' DELLA PIEVE,UMBRIA
PERUGIA,UMBRIA
PONZA,LAZIO
SANTO STEFANO MEDIO,SICILIA
VICENZA,VENETO
MERCATO SAN SEVERINO,CAMPANIA
SAN MASSIMO,MOLISE
MASSALENGO,LOMBARDIA
PIEDIMONTE D'ALIFE,CAMPANIA
BRESCIA,LOMBARDIA
ROCCA DI MEZZO,ABRUZZO
CERIGNOLA,PUGLIA
TROMELLO,LOMBARDIA
TURI,PUGLIA
PANICALE,UMBRIA
BALESTRATE,SICILIA
MACERATA,MARCHE
MEOLO,VENETO
SCAFATI,CAMPANIA
CATANZARO,CALABRIA
GOLESE,EMILIA-ROMAGNA
MONTELABBATE,MARCHE
MAJANO,FRIULI-VENEZIA-GIULIA
ROMA,LAZIO
NAPOLI,CAMPANIA
POTENZA,BASILICATA
ANAGNI,LAZIO
MERCATO SARACENO,EMILIA-ROMAGNA
BRUGHERIO,LOMBARDIA
AOSTA,VALLE D'AOSTA
NAPOLI,CAMPANIA
CAPESTRANO,ABRUZZO
SUZZARA,LOMBARDIA
CERRETO GUIDI,TOSCANA
MASSA MARITTIMA,TOSCANA
CHIARAVALLE CENTRALE,CALABRIA
SOGLIANO AL RUBICONE,EMILIA-ROMAGNA
CESENA,EMILIA-ROMAGNA
PIEVE TESINO,TRENTINO ALTO-ADIGE
ROMA,LAZIO
AVIGLIANA,PIEMONTE
BUSTO ARSIZIO,LOMBARDIA
VERONA,VENETO
TRECCHINA,BASILICATA
UDINE,FRIULI-VENEZIA-GIULIA
TREVISO,VENETO
SALERNO,CAMPANIA
BENEVENTO,CAMPANIA
CASTROREALE,SICILIA
SAN SEVERO,PUGLIA
GIARRE,SICILIA
ALIA,SICILIA
CASTELLANZA,LOMBARDIA
ROMA,LAZIO
REGGIO DI CALABRIA,CALABRIA
BAGNARA CALABRA,CALABRIA
MESSINA,SICILIA
NOTO,SICILIA
AOSTA,VALLE D'AOSTA
SCICLI,SICILIA
VENEZIA,VENETO
ALBA,PIEMONTE
COCQUIO-TREVISAGO,LOMBARDIA
BUTTIGLIERA D'ASTI,PIEMONTE
SAN SEVERO,PUGLIA
ALTOFONTE,SICILIA
TREVISO,VENETO
MESSINA,SICILIA
MESSINA,SICILIA
MODICA,SICILIA
TORINO,PIEMONTE
MEDESANO,EMILIA-ROMAGNA
VIESTE,PUGLIA
TRIESTE,FRIULI-VENEZIA-GIULIA
RIGNANO FLAMINIO,LAZIO
TREVIGLIO,LOMBARDIA
PORTO RECANATI,MARCHE
MIRANO,VENETO
VERONA,VENETO
MARTINA FRANCA,PUGLIA
MILANO,LOMBARDIA
TRIESTE,FRIULI-VENEZIA-GIULIA
BOLOGNA,EMILIA-ROMAGNA
LECCO,LOMBARDIA
NAPOLI,CAMPANIA
CATANZARO,CALABRIA
CANTIANO,MARCHE
ROCCABRUNA,PIEMONTE
SANTA GIULETTA,LOMBARDIA
COMO,LOMBARDIA
ESTE,VENETO
PAVIA,LOMBARDIA
SALSOMAGGIORE TERME,EMILIA-ROMAGNA
,
SALERNO,CAMPANIA
NAPOLI,CAMPANIA
POIRINO,PIEMONTE
TORINO,PIEMONTE
NISSORIA,SICILIA
POMIGLIANO D'ARCO,CAMPANIA
SORSO,SARDEGNA
CALTAGIRONE,SICILIA
FIRENZE,TOSCANA
FERRARA,EMILIA-ROMAGNA
VIZZINI,SICILIA
ROMA,LAZIO
COMO,LOMBARDIA
BARLETTA,PUGLIA
SIANO,CAMPANIA
VENEZIA,VENETO
MONTELEPRE,SICILIA
PORTICI,CAMPANIA
SIENA,TOSCANA
POZZUOLI,CAMPANIA
CAMPOBASSO,MOLISE
CASTELFIORENTINO,TOSCANA
PIANO DI SORRENTO,CAMPANIA
NAPOLI,CAMPANIA
MANDELLO DEL LARIO,LOMBARDIA
SORA,LAZIO
ROVIGO,VENETO
EMPOLI,TOSCANA
GENOVA,LIGURIA
MARANO LAGUNARE,FRIULI-VENEZIA-GIULIA
OZIERI,SARDEGNA
CHIUPPANO,VENETO
SANTERAMO IN COLLE,PUGLIA
BRESCIA,LOMBARDIA
FUBINE,PIEMONTE
ALTIDONA,MARCHE
CASTELBUONO,SICILIA
PALERMO,SICILIA
CATANIA,SICILIA
TORTOLI',SARDEGNA
NAPOLI,CAMPANIA
MILANO,LOMBARDIA
SENAGO,LOMBARDIA
PAVIA,LOMBARDIA
ARGENTA,EMILIA-ROMAGNA
MODENA,EMILIA-ROMAGNA
CARRARA,TOSCANA
FIRENZE,TOSCANA
TORINO,PIEMONTE
TRICARICO,BASILICATA
CATANZARO,CALABRIA
PAESE,VENETO
CARATE BRIANZA,LOMBARDIA
ROMA,LAZIO
CASALE MONFERRATO,PIEMONTE
POGGIO RENATICO,EMILIA-ROMAGNA
VOGHERA,LOMBARDIA
GENOVA,LIGURIA
PARTINICO,SICILIA
NAPOLI,CAMPANIA
BARI,PUGLIA
THIENE,VENETO
REGGIO NELL'EMILIA,EMILIA-ROMAGNA
TREVI,UMBRIA
PORDENONE,FRIULI-VENEZIA-GIULIA
LUCCA,TOSCANA
BARI,PUGLIA
ROMA,LAZIO
BITTI,SARDEGNA
,
,
,
FIRENZE,TOSCANA
TORINO,PIEMONTE
PESARO,MARCHE
GENOVA,LIGURIA
MILANO,LOMBARDIA
SAVONA,LIGURIA
ROMA,LAZIO
NAPOLI,CAMPANIA
NAPOLI,CAMPANIA
VENEZIA,VENETO
SAVELLI,CALABRIA
CERDA,SICILIA
ROMA,LAZIO
MASSA,TOSCANA
CASCIA,UMBRIA
ANCONA,MARCHE
ERBA,LOMBARDIA
PORTO MAURIZIO,LIGURIA
CARAFFA DI CATANZARO,CALABRIA
PALERMO,SICILIA
FIRENZE,TOSCANA
ATRIPALDA,CAMPANIA
BRESCIA,LOMBARDIA
ROMA,LAZIO
EBOLI,CAMPANIA
NOVARA,PIEMONTE
CAVA DE' TIRRENI,CAMPANIA
MARTINA FRANCA,PUGLIA
ANGRI,CAMPANIA
ROGLIANO,CALABRIA
NOLA,CAMPANIA
ANAGNI,LAZIO
VILLANOVA MONTELEONE,SARDEGNA
CARAVAGGIO,LOMBARDIA
PALMANOVA,FRIULI-VENEZIA-GIULIA
PISA,TOSCANA
SOMMA VESUVIANA,CAMPANIA
NOVI LIGURE,PIEMONTE
NOVARA,PIEMONTE
TORINO,PIEMONTE
MONTESPERTOLI,TOSCANA
CODROIPO,FRIULI-VENEZIA-GIULIA
AIDONE,SICILIA
SASSOFERRATO,MARCHE
ROMA,LAZIO
MILANO,LOMBARDIA
BUONCONVENTO,TOSCANA
CAPUA,CAMPANIA
PISA,TOSCANA
VEZZANO LIGURE,LIGURIA
TAORMINA,SICILIA
PARMA,EMILIA-ROMAGNA
MILANO,LOMBARDIA
LIMENA,VENETO
FALCIANO DEL MASSICO,CAMPANIA
PALERMO,SICILIA
PISTICCI,BASILICATA
VENEZIA,VENETO
CATANZARO,CALABRIA
RIONERO IN VULTURE,BASILICATA
CASTEGGIO,LOMBARDIA
CELANO,ABRUZZO
ROMA,LAZIO
MERCATO SARACENO,EMILIA-ROMAGNA
MACERATA,MARCHE
SAN FERDINANDO DI ROSARNO,CALABRIA
ROMA,LAZIO
PLATI',CALABRIA
MONTESARCHIO,CAMPANIA
MONTECCHIO MAGGIORE,VENETO
CEVA,PIEMONTE
VICO DEL GARGANO,PUGLIA
ACERRA,CAMPANIA
GALLIPOLI,PUGLIA
BRENNA,LOMBARDIA
TRIVERO,PIEMONTE
VINZAGLIO,PIEMONTE
ALI' TERME,SICILIA
FIRENZE,TOSCANA
MORROVALLE,MARCHE
ROMA,LAZIO
MOLFETTA,PUGLIA
ROMA,LAZIO
OSTUNI,PUGLIA
REGGIO DI CALABRIA,CALABRIA
NAPOLI,CAMPANIA
GENOVA,LIGURIA
VILLONGO,LOMBARDIA
LOMAGNA,LOMBARDIA
BORDANO,FRIULI-VENEZIA-GIULIA
BOLOGNA,EMILIA-ROMAGNA
CROTONE,CALABRIA
TELESE TERME,CAMPANIA
SPOLETO,UMBRIA
SIRACUSA,SICILIA
MONDOVI',PIEMONTE
VERONA,VENETO
SANT'AGATA DI PUGLIA,PUGLIA
ROMA,LAZIO
SANTA CROCE DEL SANNIO,CAMPANIA
VENEZIA,VENETO
PONTEDERA,TOSCANA
SCANDIANO,EMILIA-ROMAGNA
GENOVA,LIGURIA
AREZZO,TOSCANA
MESSINA,SICILIA
VICENZA,VENETO
ACIREALE,SICILIA
PIACENZA,EMILIA-ROMAGNA
NAPOLI,CAMPANIA
RIONERO IN VULTURE,BASILICATA
TERMOLI,MOLISE
LECCE,PUGLIA
RAVENNA,EMILIA-ROMAGNA
PATERNO',SICILIA
ROMA,LAZIO
PORTOFERRAIO,TOSCANA
CAGLIARI,SARDEGNA
FERRARA,EMILIA-ROMAGNA
FAVARO VENETO,VENETO
GAETA,LAZIO
PIEVE DI TECO,LIGURIA
COMO,LOMBARDIA
GENZANO DI ROMA,LAZIO
CEPPALONI,CAMPANIA
,
,
,
PONTE DI PIAVE,VENETO
PONZA,LAZIO
PIACENZA,EMILIA-ROMAGNA
LIVORNO,TOSCANA
CAMAIORE,TOSCANA
FOGGIA,PUGLIA
MILANO,LOMBARDIA
MOLFETTA,PUGLIA
NAPOLI,CAMPANIA
SINDIA,SARDEGNA
MONTECCHIO EMILIA,EMILIA-ROMAGNA
PERUGIA,UMBRIA
PALERMO,SICILIA
BOLOGNA,EMILIA-ROMAGNA
MONDRAGONE,CAMPANIA
PESCARA,ABRUZZO
VESCOVATO,LOMBARDIA
PALMA CAMPANIA,CAMPANIA
ASSO,LOMBARDIA
BARONISSI,CAMPANIA
FRANCAVILLA IN SINNI,BASILICATA
ULTIMO,TRENTINO ALTO-ADIGE
CAGLIARI,SARDEGNA
CASTELFRANCO EMILIA,EMILIA-ROMAGNA
MATERA,BASILICATA
MILANO,LOMBARDIA
PADOVA,VENETO
SEZZE,LAZIO
NAPOLI,CAMPANIA
IMOLA,EMILIA-ROMAGNA
TORINO,PIEMONTE
OSIMO,MARCHE
MONTEGALLO,MARCHE
PISTOIA,TOSCANA
COGOLO,TRENTINO ALTO-ADIGE
ROMA,LAZIO
FIRENZE,TOSCANA
BRESCIA,LOMBARDIA
FOSSANO,PIEMONTE
PITIGLIANO,TOSCANA
IMOLA,EMILIA-ROMAGNA
FIRENZE,TOSCANA
MADIGNANO,LOMBARDIA
MONTEFALCONE NEL SANNIO,MOLISE
CEVA,PIEMONTE
MOGLIANO VENETO,VENETO
COSENZA,CALABRIA
SAN VITO DEI NORMANNI,PUGLIA
,
ANDRIA,PUGLIA
CIVITAVECCHIA,LAZIO
PESCARA,ABRUZZO
PRESICCE,PUGLIA
SQUILLACE,CALABRIA
TORINO,PIEMONTE
GENOVA,LIGURIA
TERAMO,ABRUZZO
CEREA,VENETO
VARESE,LOMBARDIA
MILANO,LOMBARDIA
TORINO,PIEMONTE
ARGENTA,EMILIA-ROMAGNA
BOLOGNA,EMILIA-ROMAGNA
SANTA MARGHERITA DI BELICE,SICILIA
BIANCAVILLA,SICILIA
CASALBORDINO,ABRUZZO
UDINE,FRIULI-VENEZIA-GIULIA
SASSARI,SARDEGNA
SAN BENEDETTO DEL TRONTO,MARCHE
NAPOLI,CAMPANIA
CASTROVILLARI,CALABRIA
VERONA,VENETO
JESI,MARCHE
CERRETO D'ESI,MARCHE
MILANO,LOMBARDIA
TELESE TERME,CAMPANIA
PALERMO,SICILIA
SUSEGANA,VENETO
SUZZARA,LOMBARDIA
TORINO,PIEMONTE
SANT'ANGELO A CUPOLO,CAMPANIA
PORTOGRUARO,VENETO
PIANEZZE,VENETO
CERANO,PIEMONTE
BUSSOLENO,PIEMONTE
PIEVE DI CENTO,EMILIA-ROMAGNA
SORESINA,LOMBARDIA
MILANO,LOMBARDIA
NAPOLI,CAMPANIA
FROSINONE,LAZIO
VENEZIA,VENETO
BOTRUGNO,PUGLIA
SORA,LAZIO
MONTEDORO,SICILIA
GRAGNANO,CAMPANIA
CESENA,EMILIA-ROMAGNA
TORINO,PIEMONTE
CARPI,EMILIA-ROMAGNA
LA SPEZIA,LIGURIA
REGGIO DI CALABRIA,CALABRIA
PISTOIA,TOSCANA
SALERNO,CAMPANIA
TORINO,PIEMONTE
ROVIGO,VENETO
ROMA,LAZIO
CENTURIPE,SICILIA
REGGIO NELL'EMILIA,EMILIA-ROMAGNA
REGGIO DI CALABRIA,CALABRIA
ROMA,LAZIO
TOLLO,ABRUZZO
PIGLIO,LAZIO
PALMA CAMPANIA,CAMPANIA
GODRANO,SICILIA
LA SPEZIA,LIGURIA
PORTICI,CAMPANIA
ROMA,LAZIO
ROMA,LAZIO
SAN CATALDO,SICILIA
LATERINA,TOSCANA
VENEZIA,VENETO
TREVISO,VENETO
CORREGGIO,EMILIA-ROMAGNA
BOVALINO,CALABRIA
TRIESTE,FRIULI-VENEZIA-GIULIA
BRESCIA,LOMBARDIA
CAMPODORO,VENETO
MAGLIE,PUGLIA
MILANO,LOMBARDIA
TORRE ANNUNZIATA,CAMPANIA
SAN POTITO ULTRA,CAMPANIA
LECCE,PUGLIA
FINALE LIGURE,LIGURIA
POTENZA,BASILICATA
ROVEREDO DI GUA',VENETO
GRAVELLONA TOCE,PIEMONTE
TRENTO,TRENTINO ALTO-ADIGE
TORINO,PIEMONTE
SERAVEZZA,TOSCANA
CITTA' DI CASTELLO,UMBRIA
CASTO,LOMBARDIA
BUDRIO,EMILIA-ROMAGNA
ALESSANDRIA,PIEMONTE
SACCONAGO,LOMBARDIA
SORGA',VENETO
MACERATA,MARCHE
CASTAGNETO CARDUCCI,TOSCANA
VARAZZE,LIGURIA
TRESCORE BALNEARIO,LOMBARDIA
SASSARI,SARDEGNA
CENCIARA DI CONCESSIANO,LAZIO
QUARTU SANT'ELENA,SARDEGNA
BRINDISI,PUGLIA
VERCELLI,PIEMONTE
TRIESTE,FRIULI-VENEZIA-GIULIA
CERVIGNANO DEL FRIULI,FRIULI-VENEZIA-GIULIA
PORDENONE,FRIULI-VENEZIA-GIULIA
MILANO,LOMBARDIA
VEROLANUOVA,LOMBARDIA
GIMIGLIANO,CALABRIA
REGGIO NELL'EMILIA,EMILIA-ROMAGNA
LA SPEZIA,LIGURIA
BARLETTA,PUGLIA
MASSA MARTANA,UMBRIA
CANTAVENNA MONFERRATO,PIEMONTE
,
,
PESCIA,TOSCANA
TORRE ANNUNZIATA,CAMPANIA
SAN PIETRO IN GU,VENETO
SAN SEBASTIANO AL VESUVIO,CAMPANIA
CASTELLO DI SERRAVALLE,EMILIA-ROMAGNA
TRAPANI,SICILIA
PASIANO DI PORDENONE,FRIULI-VENEZIA-GIULIA
PAVIA,LOMBARDIA
AOSTA,VALLE D'AOSTA
DOMODOSSOLA,PIEMONTE
AOSTA,VALLE D'AOSTA
SEMINARA,CALABRIA
PARMA,EMILIA-ROMAGNA
BOVISIO MASCIAGO,LOMBARDIA
CHIAVENNA,LOMBARDIA
PISA,TOSCANA
L'AQUILA,ABRUZZO
SAN MARTINO DALL'ARGINE,LOMBARDIA
GRUMO NEVANO,CAMPANIA
BOLOGNA,EMILIA-ROMAGNA
BRUNO,PIEMONTE
GAETA,LAZIO
ROMA,LAZIO
SAN VINCENZO LA COSTA,CALABRIA
BOSCO MARENGO,PIEMONTE
ACERRA,CAMPANIA
FIRENZE,TOSCANA
PORTACOMARO,PIEMONTE
SULMONA,ABRUZZO
TRASACCO,ABRUZZO
PERUGIA,UMBRIA
TORINO,PIEMONTE
REGGIO DI CALABRIA,CALABRIA
PESCARA,ABRUZZO
ALLERONA,UMBRIA
PARMA,EMILIA-ROMAGNA
ROMA,LAZIO
CRAVANZANA,PIEMONTE
RAPOLANO TERME,TOSCANA
SCICLI,SICILIA
SAN GIOVANNI IN PERSICETO,EMILIA-ROMAGNA
BRESCIA,LOMBARDIA
BITONTO,PUGLIA
JOPPOLO GIANCAXIO,SICILIA
ROMA,LAZIO
ROMA,LAZIO
MACERATA,MARCHE
BEDONIA,EMILIA-ROMAGNA
PIOMBINO,TOSCANA
BADIA POLESINE,VENETO
MILANO,LOMBARDIA
MONTEBELLUNA,VENETO
UDINE,FRIULI-VENEZIA-GIULIA
PISTOIA,TOSCANA
QUINZANO D'OGLIO,LOMBARDIA
GREVE IN CHIANTI,TOSCANA
VICOVARO,LAZIO
BARI,PUGLIA
BAGNARA CALABRA,CALABRIA
MIRABELLA IMBACCARI,SICILIA
BOLOGNA,EMILIA-ROMAGNA
ALATRI,LAZIO
PORTICI,CAMPANIA
SIENA,TOSCANA
MILANO,LOMBARDIA
BESENZONE,EMILIA-ROMAGNA
BARI,PUGLIA
RANDAZZO,SICILIA
SAN MARCO IN LAMIS,PUGLIA
CAPRESE MICHELANGELO,TOSCANA
CALTANISSETTA,SICILIA
ROMA,LAZIO
OLLOLAI,SARDEGNA
ASCOLI PICENO,MARCHE
,
SIRACUSA,SICILIA
SONDRIO,LOMBARDIA
ALBA,PIEMONTE
GUASTALLA,EMILIA-ROMAGNA
ASCOLI PICENO,MARCHE
MILANO,LOMBARDIA
TARANTO,PUGLIA
FANO,MARCHE
MELICUCCA',CALABRIA
SESTO FIORENTINO,TOSCANA
LUGO,EMILIA-ROMAGNA
VILLACIDRO,SARDEGNA
MACERATA,MARCHE
MILANO,LOMBARDIA
VERONA,VENETO
SPEZZANO ALBANESE,CALABRIA
CODROIPO,FRIULI-VENEZIA-GIULIA
ASSISI,UMBRIA
TREVIGLIO,LOMBARDIA
COLLE SANTA LUCIA,VENETO
MASSA,TOSCANA
ADRIA,VENETO
NAPOLI,CAMPANIA
CECCANO,LAZIO
ROMA,LAZIO
ROMA,LAZIO
ROMA,LAZIO
VERONA,VENETO
SANT'ARSENIO,CAMPANIA
SAN SEVERO,PUGLIA
MONTERUBBIANO,MARCHE
SANTA MARIA CAPUA VETERE,CAMPANIA
CORBARA,CAMPANIA
POMIGLIANO D'ARCO,CAMPANIA
RAFFADALI,SICILIA
BRESCIA,LOMBARDIA
BARI,PUGLIA
ROMA,LAZIO
PATERNO,ABRUZZO
CASTELLANA GROTTE,PUGLIA
VIBO VALENTIA,CALABRIA
SAN VITO AL TAGLIAMENTO,FRIULI-VENEZIA-GIULIA
ZENSON DI PIAVE,VENETO
TRAPANI,SICILIA
ROCCAVIONE,PIEMONTE
BAGNARA DI ROMAGNA,EMILIA-ROMAGNA
NAPOLI,CAMPANIA
VERONA,VENETO
SASSUOLO,EMILIA-ROMAGNA
NOVARA,PIEMONTE
PONTEDERA,TOSCANA
NAPOLI,CAMPANIA
TARANTO,PUGLIA
PONTEDERA,TOSCANA
PATERNO',SICILIA
TARANTO,PUGLIA
LUCCA,TOSCANA
VERONA,VENETO
MORTARA,LOMBARDIA
MENDATICA,LIGURIA
L'AQUILA,ABRUZZO
TENNO,TRENTINO ALTO-ADIGE
IMOLA,EMILIA-ROMAGNA
CENESELLI,VENETO
MARSALA,SICILIA
GORIZIA,FRIULI-VENEZIA-GIULIA
BIELLA,PIEMONTE
CARRARA,TOSCANA
BONITO,CAMPANIA
TORINO,PIEMONTE
REGGIO NELL'EMILIA,EMILIA-ROMAGNA
BRESCIA,LOMBARDIA
TOLLEGNO,PIEMONTE
MARTINA FRANCA,PUGLIA
LOCRI,CALABRIA
MILANO,LOMBARDIA
FAENZA,EMILIA-ROMAGNA
PISA,TOSCANA
FERRARA,EMILIA-ROMAGNA
OFFANENGO,LOMBARDIA
PALERMO,SICILIA
VALDENGO,PIEMONTE
MARSALA,SICILIA
VERONA,VENETO
ASTI,PIEMONTE
PADOVA,VENETO
POGGIO BUSTONE,LAZIO
VIAREGGIO,TOSCANA
GROTTAGLIE,PUGLIA
TORTOLI',SARDEGNA
SASSARI,SARDEGNA
AVELLINO,CAMPANIA
PALAIA,TOSCANA
CATANZARO,CALABRIA
GORGONZOLA,LOMBARDIA
VERCELLI,PIEMONTE
SPILAMBERTO,EMILIA-ROMAGNA
CASTELLANETA,PUGLIA
ALESSANDRIA,PIEMONTE
FALCONARA MARITTIMA,MARCHE
ANCONA,MARCHE
REGGIO NELL'EMILIA,EMILIA-ROMAGNA
GUASILA,SARDEGNA
AGNONE,MOLISE
FERMO,MARCHE
TORINO,PIEMONTE
TORINO,PIEMONTE
SAN PELLEGRINO TERME,LOMBARDIA
EMPOLI,TOSCANA
TREVISO,VENETO
CALTAGIRONE,SICILIA
ROMA,LAZIO
ROMA,LAZIO
REGGIO NELL'EMILIA,EMILIA-ROMAGNA
OMEGNA,PIEMONTE
PIACENZA,EMILIA-ROMAGNA
MESSINA,SICILIA
SANT'ANTIOCO,SARDEGNA
COSENZA,CALABRIA
MIRA,VENETO
CASALPUSTERLENGO,LOMBARDIA
SCIACCA,SICILIA
ANDRIA,PUGLIA
NAPOLI,CAMPANIA
MONTENERO DI BISACCIA,MOLISE
ROMA,LAZIO
PIEVE SANTO STEFANO,TOSCANA
CREMONA,LOMBARDIA
SANTO STEFANO DI MAGRA,LIGURIA
NOCI,PUGLIA
BOLOGNA,EMILIA-ROMAGNA
BROLO,SICILIA
,
,
CASCIA,UMBRIA
OSTIGLIA,LOMBARDIA
ANCONA,MARCHE
COLLE DI VAL D'ELSA,TOSCANA
BRESCIA,LOMBARDIA
NAPOLI,CAMPANIA
ALESSANDRIA,PIEMONTE
ALIFE,CAMPANIA
SESTOLA,EMILIA-ROMAGNA
NAPOLI,CAMPANIA
VENEZIA,VENETO
SORRENTO,CAMPANIA
RIVANAZZANO,LOMBARDIA
POZZUOLI,CAMPANIA
REGGIO DI CALABRIA,CALABRIA
CATANIA,SICILIA
MONTECCHIO MAGGIORE,VENETO
GENOVA,LIGURIA
BARLETTA,PUGLIA
REGGIO NELL'EMILIA,EMILIA-ROMAGNA
ALBANO DI LUCANIA,BASILICATA
TREVISO,VENETO
COMO,LOMBARDIA
BRESCIA,LOMBARDIA
ROCCAVIVARA,MOLISE
SIRACUSA,SICILIA
VILLANUOVA SUL CLISI,LOMBARDIA
COLLIO,LOMBARDIA
BOLOGNA,EMILIA-ROMAGNA
BARLETTA,PUGLIA
FIRENZE,TOSCANA
RECANATI,MARCHE
SUSA,PIEMONTE
GENOVA,LIGURIA
BELLUNO,VENETO
ATRI,ABRUZZO
BENE VAGIENNA,PIEMONTE
MILANO,LOMBARDIA
ALESSANDRIA,PIEMONTE
ROMA,LAZIO
OVARO,FRIULI-VENEZIA-GIULIA
CALVI RISORTA,CAMPANIA
CAMPOTOSTO,ABRUZZO
VALMONTONE,LAZIO
CARPINETI,EMILIA-ROMAGNA
URBINO,MARCHE
LUGO,EMILIA-ROMAGNA
CAGLIARI,SARDEGNA
SANNICANDRO GARGANICO,PUGLIA
CANOSA DI PUGLIA,PUGLIA
BELMONTE MEZZAGNO,SICILIA
FORLI',EMILIA-ROMAGNA
BERGAMO,LOMBARDIA
TERNI,UMBRIA
MODENA,EMILIA-ROMAGNA
NAPOLI,CAMPANIA
TEMPIO PAUSANIA,SARDEGNA
FIRENZE,TOSCANA
URURI,MOLISE
ROMA,LAZIO
LAMA MOCOGNO,EMILIA-ROMAGNA
GENOVA,LIGURIA
PIACENZA,EMILIA-ROMAGNA
TORRE DE' PASSERI,ABRUZZO
NUORO,SARDEGNA
SANTO STEFANO DI CAMASTRA,SICILIA
CASABONA,CALABRIA
MILANO,LOMBARDIA
SALEMI,SICILIA
RAVANUSA,SICILIA
RAVENNA,EMILIA-ROMAGNA
SESTO SAN GIOVANNI,LOMBARDIA
RAVENNA,EMILIA-ROMAGNA
CASTELFIORENTINO,TOSCANA
ROMA,LAZIO
CISTERNINO,PUGLIA
CIVITAVECCHIA,LAZIO
CAPIZZI,SICILIA
BOZZOLO,LOMBARDIA
BARI,PUGLIA
UDINE,FRIULI-VENEZIA-GIULIA
ALBIATE,LOMBARDIA
ALCAMO,SICILIA
SASSARI,SARDEGNA
FORIO,CAMPANIA
SAMBUCA DI SICILIA,SICILIA
CASOLI,ABRUZZO
MILANO,LOMBARDIA
SAINT VINCENT,VALLE D'AOSTA
NAPOLI,CAMPANIA
MARCHENO,LOMBARDIA
VERONA,VENETO
CURINGA,CALABRIA
LOVERE,LOMBARDIA
,
,
PORTICI,CAMPANIA
AGRIGENTO,SICILIA
GAMBETTOLA,EMILIA-ROMAGNA
MEDE,LOMBARDIA
NAPOLI,CAMPANIA
CATANIA,SICILIA
MOLA DI BARI,PUGLIA
SAN DEMETRIO CORONE,CALABRIA
VASTO,ABRUZZO
ROMA,LAZIO
MODICA,SICILIA
MAGLIANO IN TOSCANA,TOSCANA
BOLOGNA,EMILIA-ROMAGNA
CAVA DE' TIRRENI,CAMPANIA
CERIGNOLA,PUGLIA
TORTONA,PIEMONTE
CASSINO,LAZIO
TORINO,PIEMONTE
RAVENNA,EMILIA-ROMAGNA
REGGIO NELL'EMILIA,EMILIA-ROMAGNA
SALEMI,SICILIA
BOLZANO,TRENTINO ALTO-ADIGE
LA SPEZIA,LIGURIA
PARMA,EMILIA-ROMAGNA
FIRENZE,TOSCANA
SPELLO,UMBRIA
ROVATO,LOMBARDIA
FOGGIA,PUGLIA
PADOVA,VENETO
TOLENTINO,MARCHE
BARI,PUGLIA
GENOVA,LIGURIA
REGGIO DI CALABRIA,CALABRIA
MILANO,LOMBARDIA
SEZZE,LAZIO
MONDOVI',PIEMONTE
ROMA,LAZIO
VALDAGNO,VENETO
PIACENZA,EMILIA-ROMAGNA
LECCO,LOMBARDIA
FABRIANO,MARCHE
MIRANDOLA,EMILIA-ROMAGNA
AVELLINO,CAMPANIA
SILANDRO,TRENTINO ALTO-ADIGE
GUSSAGO,LOMBARDIA
PONTEDERA,TOSCANA
TRIESTE,FRIULI-VENEZIA-GIULIA
PAGNACCO,FRIULI-VENEZIA-GIULIA
MODENA,EMILIA-ROMAGNA
MANTOVA,LOMBARDIA
TORINO,PIEMONTE
BOLZANO,TRENTINO ALTO-ADIGE
BELLOSGUARDO,CAMPANIA
MILANO,LOMBARDIA
FILIGNANO,MOLISE
GRAVEDONA,LOMBARDIA
CASTELNUOVO RANGONE,EMILIA-ROMAGNA
GRECI,CAMPANIA
NAPOLI,CAMPANIA
PRATO,TOSCANA
MUGGIA,FRIULI-VENEZIA-GIULIA
ACIREALE,SICILIA
RIDANNA,TRENTINO ALTO-ADIGE
TRIESTE,FRIULI-VENEZIA-GIULIA
TRAVAGLIATO,LOMBARDIA
BOLZANO,TRENTINO ALTO-ADIGE
CALASETTA,SARDEGNA
ARDORE,CALABRIA
NAPOLI,CAMPANIA
TERRACINA,LAZIO
ROMA,LAZIO
MESSINA,SICILIA
BRESCIA,LOMBARDIA
SAVIANO,CAMPANIA
POZZALLO,SICILIA
JONIA,SICILIA
SCALEA,CALABRIA
POVEGLIANO,VENETO
SAN SALVO,ABRUZZO
PAGANI,CAMPANIA
RACCUJA,SICILIA
DELIA,SICILIA
BOLOGNA,EMILIA-ROMAGNA
FILATTIERA,TOSCANA
TORINO,PIEMONTE
MILANO,LOMBARDIA
ARZANO,CAMPANIA
ALESSANDRIA,PIEMONTE
PISA,TOSCANA
SIGNA,TOSCANA
VENEZIA,VENETO
ALESSANDRIA,PIEMONTE
CAPODIMONTE,LAZIO
BUSTO ARSIZIO,LOMBARDIA
GROTTAMMARE,MARCHE
FIRENZE,TOSCANA
PIAGGINE,CAMPANIA
BRICHERASIO,PIEMONTE
MOGORO,SARDEGNA
MESTRE,VENETO
ROMA,LAZIO
ARSIERO,VENETO
BITONTO,PUGLIA
PRIVERNO,LAZIO
MAIORI,CAMPANIA
CASACANDITELLA,ABRUZZO
FERMO,MARCHE
LA SPEZIA,LIGURIA
VINCHIO,PIEMONTE
ROMA,LAZIO
TROIA,PUGLIA
SIRACUSA,SICILIA
PESCARA,ABRUZZO
NAPOLI,CAMPANIA
MILANO,LOMBARDIA
GARDONE VAL TROMPIA,LOMBARDIA
NAPOLI,CAMPANIA
PONTE IN VALTELLINA,LOMBARDIA
TORINO,PIEMONTE
TRIESTE,FRIULI-VENEZIA-GIULIA
BARI,PUGLIA
ROMA,LAZIO
PALERMO,SICILIA
BARI,PUGLIA
MESSINA,SICILIA
MASSA FISCAGLIA,EMILIA-ROMAGNA
GESSATE,LOMBARDIA
SETTIMO TORINESE,PIEMONTE
,
,
,
,
VILLA CARCINA,LOMBARDIA
COMUNANZA,MARCHE
CASTELDIDONE,LOMBARDIA
PATERNO',SICILIA
SAN SEVERO,PUGLIA
AVELLINO,CAMPANIA
CUNEO,PIEMONTE
ROMA,LAZIO
CASINA,EMILIA-ROMAGNA
FIRENZE,TOSCANA
TREVISO,VENETO
MALO,VENETO
BASSANO DEL GRAPPA,VENETO
BARI,PUGLIA
OTTATI,CAMPANIA
ASCEA,CAMPANIA
SANTHIA',PIEMONTE
PALERMO,SICILIA
ROMA,LAZIO
CATANIA,SICILIA
GALEATA,EMILIA-ROMAGNA
REGGIO NELL'EMILIA,EMILIA-ROMAGNA
SONDRIO,LOMBARDIA
CRESCENTINO,PIEMONTE
NICOSIA,SICILIA
CLES,TRENTINO ALTO-ADIGE
LURATE CACCIVIO,LOMBARDIA
NAPOLI,CAMPANIA
NAPOLI,CAMPANIA
SAN GIMIGNANO,TOSCANA
MILANO,LOMBARDIA
CATANZARO,CALABRIA
NAPOLI,CAMPANIA
MANTOVA,LOMBARDIA
JESI,MARCHE
MILANO,LOMBARDIA
SCAFATI,CAMPANIA
SENIGALLIA,MARCHE
BUSTO ARSIZIO,LOMBARDIA
PICERNO,BASILICATA
TORREMAGGIORE,PUGLIA
ANDRIA,PUGLIA
TERAMO,ABRUZZO
CASTIGLIONE DEI PEPOLI,EMILIA-ROMAGNA
NAVELLI,ABRUZZO
VERONA,VENETO
ROMA,LAZIO
BUSTO ARSIZIO,LOMBARDIA
MERANO,TRENTINO ALTO-ADIGE
LERCARA FRIDDI,SICILIA
PONTE NOSSA,LOMBARDIA
VERCELLI,PIEMONTE
MILANO,LOMBARDIA
PALERMO,SICILIA
BASSANO DEL GRAPPA,VENETO
MANTOVA,LOMBARDIA
MESAGNE,PUGLIA
LOCRI,CALABRIA
REGGIO DI CALABRIA,CALABRIA
MERANO,TRENTINO ALTO-ADIGE
BRESCIA,LOMBARDIA
CAGLIARI,SARDEGNA
TERMOLI,MOLISE
LIMPIDI,CALABRIA
OMEGNA,PIEMONTE
FONNI,SARDEGNA
ROMA,LAZIO
NAPOLI,CAMPANIA
MILANO,LOMBARDIA
FRUGAROLO,PIEMONTE
BUSTO ARSIZIO,LOMBARDIA
MELENDUGNO,PUGLIA
GALATINA,PUGLIA
RIETI,LAZIO
TRENTO,TRENTINO ALTO-ADIGE
VALGUARNERA CAROPEPE,SICILIA
LUGO,EMILIA-ROMAGNA
CASTELTERMINI,SICILIA
PALERMO,SICILIA
COSENZA,CALABRIA
VIGASIO,VENETO
NAPOLI,CAMPANIA
GIARRE,SICILIA
SORRENTO,CAMPANIA
CONEGLIANO,VENETO
GENOVA,LIGURIA
SERRACAPRIOLA,PUGLIA
PENNE,ABRUZZO
FIRENZE,TOSCANA
VERCELLI,PIEMONTE
VEJANO,LAZIO
INTRODACQUA,ABRUZZO
POSTA,LAZIO
COMO,LOMBARDIA
SERRACAPRIOLA,PUGLIA
TERAMO,ABRUZZO
CERIGNOLA,PUGLIA
FORCE,MARCHE
NAPOLI,CAMPANIA
BOLZANO,TRENTINO ALTO-ADIGE
ROMA,LAZIO
NUSCO,CAMPANIA
CHIOGGIA,VENETO
GENOVA,LIGURIA
BAGNO A RIPOLI,TOSCANA
FERRARA,EMILIA-ROMAGNA
PESARO,MARCHE
CALTANISSETTA,SICILIA
MILANO,LOMBARDIA
MONTE SANT'ANGELO,PUGLIA
CATANIA,SICILIA
ASCOLI SATRIANO,PUGLIA
MARSALA,SICILIA
TERNI,UMBRIA
RAIANO,ABRUZZO
TORINO,PIEMONTE
TRENTO,TRENTINO ALTO-ADIGE
LUCCA,TOSCANA
MILANO,LOMBARDIA
SALA CONSILINA,CAMPANIA
ALA,TRENTINO ALTO-ADIGE
BARI,PUGLIA
SAN FERDINANDO,CALABRIA
MONTEROTONDO MARITTIMO,TOSCANA
ALESSANDRIA,PIEMONTE
BOZZOLO,LOMBARDIA
MONTICELLI D'ONGINA,EMILIA-ROMAGNA
LUCERA,PUGLIA
BRESCIA,LOMBARDIA
BRESCIA,LOMBARDIA
MONSUMMANO TERME,TOSCANA
POMARANCE,TOSCANA
FOGGIA,PUGLIA
MILANO,LOMBARDIA
IRSINA,BASILICATA
CITTA' DI CASTELLO,UMBRIA
VIAREGGIO,TOSCANA
ROMA,LAZIO
CALAMONACI,SICILIA
BORORE,SARDEGNA
BOLOGNA,EMILIA-ROMAGNA
BORGHETTO DI VARA,LIGURIA
SESTRI LEVANTE,LIGURIA
UDINE,FRIULI-VENEZIA-GIULIA
ORSOGNA,ABRUZZO
MOTTA VISCONTI,LOMBARDIA
SALERNO,CAMPANIA
VALLO DELLA LUCANIA,CAMPANIA
TRIESTE,FRIULI-VENEZIA-GIULIA
MONSUMMANO TERME,TOSCANA
GROSSETO,TOSCANA
BERGAMO,LOMBARDIA
NAPOLI,CAMPANIA
NOCERA INFERIORE,CAMPANIA
TERMOLI,MOLISE
BONITO,CAMPANIA
PALERMO,SICILIA
MONFALCONE,FRIULI-VENEZIA-GIULIA
PONTECAGNANO FAIANO,CAMPANIA
NAPOLI,CAMPANIA
PISA,TOSCANA
PACECO,SICILIA
MARANO MARCHESATO,CALABRIA
CALVIZZANO,CAMPANIA
BARI,PUGLIA
MANSUE',VENETO
CONVERSANO,PUGLIA
ROMA,LAZIO
CASAL DI PRINCIPE,CAMPANIA
FIDENZA,EMILIA-ROMAGNA
BOLOGNA,EMILIA-ROMAGNA
PARTINICO,SICILIA
FINALE LIGURE,LIGURIA
BARI,PUGLIA
,
,
,
,
MILANO,LOMBARDIA
MODENA,EMILIA-ROMAGNA
NAPOLI,CAMPANIA
NAPOLI,CAMPANIA
MILANO,LOMBARDIA
LA MADDALENA,SARDEGNA
CAVRIGLIA,TOSCANA
SAVONA,LIGURIA
MAZARA DEL VALLO,SICILIA
CETRARO,CALABRIA
CONFLENTI,CALABRIA
SAN CONO,SICILIA
RIESI,SICILIA
SAN LEONARDO IN PASSIRIA,TRENTINO ALTO-ADIGE
GENOVA,LIGURIA
SANTA SOFIA,EMILIA-ROMAGNA
FRASCATI,LAZIO
RACALMUTO,SICILIA
SALERNO,CAMPANIA
POSTIGLIONE,CAMPANIA
FORMICOLA,CAMPANIA
EBOLI,CAMPANIA
SAN BENEDETTO PO,LOMBARDIA
NAPOLI,CAMPANIA
ROVIGO,VENETO
CREMONA,LOMBARDIA
NAPOLI,CAMPANIA
MILANO,LOMBARDIA
MARIGLIANELLA,CAMPANIA
PERUGIA,UMBRIA
ALESSANDRIA,PIEMONTE
NAPOLI,CAMPANIA
ROMA,LAZIO
CAVA DE' TIRRENI,CAMPANIA
SANSEPOLCRO,TOSCANA
SAN DONATO VAL DI COMINO,LAZIO
MILANO,LOMBARDIA
POMPEI,CAMPANIA
TRECENTA,VENETO
PALERMO,SICILIA
FINALE LIGURE,LIGURIA
TORINO,PIEMONTE
VOGHERA,LOMBARDIA
TORINO,PIEMONTE
ROMA,LAZIO
ROMA,LAZIO
REGGIO NELL'EMILIA,EMILIA-ROMAGNA
LA MADDALENA,SARDEGNA
AGRIGENTO,SICILIA
SAN NICOLA DA CRISSA,CALABRIA
TRESIGALLO,EMILIA-ROMAGNA
GROSSETO,TOSCANA
MATERA,BASILICATA
BARI,PUGLIA
ROMA,LAZIO
PALERMO,SICILIA
SANTO STEFANO DI CADORE,VENETO
CASAL VELINO,CAMPANIA
VIAREGGIO,TOSCANA
NOVARA,PIEMONTE
LUCCA,TOSCANA
SUPINO,LAZIO
SAN GIORGIO A CREMANO,CAMPANIA
CALUSO,PIEMONTE
FOSSALTA DI PIAVE,VENETO
CAULONIA,CALABRIA
CHIARAVALLE CENTRALE,CALABRIA
PORTOGRUARO,VENETO
SIENA,TOSCANA
MILANO,LOMBARDIA
TORINO,PIEMONTE
SAN PIERO A SIEVE,TOSCANA
NAPOLI,CAMPANIA
SAN VITO AL TAGLIAMENTO,FRIULI-VENEZIA-GIULIA
ORISTANO,SARDEGNA
GALATINA,PUGLIA
NAPOLI,CAMPANIA
MILANO,LOMBARDIA
CATANIA,SICILIA
LEINI,PIEMONTE
LODI,LOMBARDIA
ACERRA,CAMPANIA
CARINI,SICILIA
ORZINUOVI,LOMBARDIA
CORSANO,PUGLIA
BRENO,LOMBARDIA
PALERMO,SICILIA
CECINA,TOSCANA
NAPOLI,CAMPANIA
MILANO,LOMBARDIA
GENOVA,LIGURIA
CORIGLIANO D'OTRANTO,PUGLIA
CERIGNOLA,PUGLIA
GENOVA,LIGURIA
ALBIDONA,CALABRIA
TORINO,PIEMONTE
ROMA,LAZIO
LENTINI,SICILIA
REGGIO DI CALABRIA,CALABRIA
GIUSSANO,LOMBARDIA
ALBA,PIEMONTE
FROSINONE,LAZIO
BOLOGNA,EMILIA-ROMAGNA
MILANO,LOMBARDIA
ACQUAVIVA D'ISERNIA,MOLISE
ROMA,LAZIO
VETRALLA,LAZIO
SESTO CALENDE,LOMBARDIA
PAULILATINO,SARDEGNA
COSENZA,CALABRIA
ROCCA SAN CASCIANO,EMILIA-ROMAGNA
ZEVIO,VENETO
PIOMBINO,TOSCANA
TERNI,UMBRIA
POLIA,CALABRIA
CAMPI SALENTINA,PUGLIA
MONTALDO SCARAMPI,PIEMONTE
CENTRISOLA,LOMBARDIA
MONFALCONE,FRIULI-VENEZIA-GIULIA
GIULIANO TEATINO,ABRUZZO
FIRENZE,TOSCANA
CASTELGOMBERTO,VENETO
SERRA SANT'ABBONDIO,MARCHE
OLEVANO ROMANO,LAZIO
ORSARA DI PUGLIA,PUGLIA
PORTULA,PIEMONTE
BRESCIA,LOMBARDIA
PADULI,CAMPANIA
ROMA,LAZIO
TORINO,PIEMONTE
MELISSA,CALABRIA
SIRACUSA,SICILIA
GENOVA,LIGURIA
OPPIDO LUCANO,BASILICATA
MARINO,LAZIO
CASTEL VOLTURNO,CAMPANIA
MUSSOLENTE,VENETO
SOLFERINO,LOMBARDIA
NAPOLI,CAMPANIA
GALLARATE,LOMBARDIA
ALFONSINE,EMILIA-ROMAGNA
SAVIGLIANO,PIEMONTE
BENETUTTI,SARDEGNA
NAPOLI,CAMPANIA
ROMA,LAZIO
CONCORDIA SAGITTARIA,VENETO
MOGLIANO VENETO,VENETO
ROMA,LAZIO
CASARANO,PUGLIA
IMPERIA,LIGURIA
PIACENZA,EMILIA-ROMAGNA
ORVIETO,UMBRIA
BARI,PUGLIA
FOGGIA,PUGLIA
CLUSONE,LOMBARDIA
ROVIGO,VENETO
RIMINI,EMILIA-ROMAGNA
BOVA,CALABRIA
SULMONA,ABRUZZO
MILANO,LOMBARDIA
BERGAMO,LOMBARDIA
MARINO,LAZIO
ESTE,VENETO
SOMMA VESUVIANA,CAMPANIA
OLZAI,SARDEGNA
BOLOGNA,EMILIA-ROMAGNA
TRADATE,LOMBARDIA
ROVERETO,TRENTINO ALTO-ADIGE
SASSARI,SARDEGNA
MILANO,LOMBARDIA
GELA,SICILIA
MILANO,LOMBARDIA
LA MADDALENA,SARDEGNA
MACERATA,MARCHE
CASTELFIORENTINO,TOSCANA
PALERMO,SICILIA
LURAS,SARDEGNA
GUSSOLA,LOMBARDIA
LUZZARA,EMILIA-ROMAGNA
NAPOLI,CAMPANIA
COMO,LOMBARDIA
LA SPEZIA,LIGURIA
BENEVENTO,CAMPANIA
RECANATI,MARCHE
BRESCIA,LOMBARDIA
TORANO CASTELLO,CALABRIA
FIRENZE,TOSCANA
FRASCATI,LAZIO
CASTELVERDE,LOMBARDIA
AMANTEA,CALABRIA
NAPOLI,CAMPANIA
ROMA,LAZIO
BRONTE,SICILIA
BERGAMO,LOMBARDIA
OSIMO,MARCHE
ALIANO,BASILICATA
ROVIGO,VENETO
PISCINOLA,CAMPANIA
SENIGALLIA,MARCHE
BENEVENTO,CAMPANIA
VOGHERA,LOMBARDIA
TRIESTE,FRIULI-VENEZIA-GIULIA
PAVULLO NEL FRIGNANO,EMILIA-ROMAGNA
LOREO,VENETO
LA SPEZIA,LIGURIA
VENEZIA,VENETO
BENEVENTO,CAMPANIA
VERONA,VENETO
ROMA,LAZIO
NAPOLI,CAMPANIA
ROCCA CANTERANO,LAZIO
CERIGNOLA,PUGLIA
ROMA,LAZIO
PALAZZUOLO SUL SENIO,TOSCANA
GENOVA,LIGURIA
ROMA,LAZIO
VICENZA,VENETO
CORTONA,TOSCANA
PISA,TOSCANA
,
,
SAN GIORGIO IONICO,PUGLIA
TERLIZZI,PUGLIA
FAGNANO OLONA,LOMBARDIA
CARINI,SICILIA
CUSANO MILANINO,LOMBARDIA
MESSINA,SICILIA
PALERMO,SICILIA
ROMA,LAZIO
CEPRANO,LAZIO
L'AQUILA,ABRUZZO
CORATO,PUGLIA
VOLTERRA,TOSCANA
CALTAGIRONE,SICILIA
CIVEZZA,LIGURIA
PISA,TOSCANA
TERNI,UMBRIA
TORTOLI',SARDEGNA
CASARANO,PUGLIA
REGGIO NELL'EMILIA,EMILIA-ROMAGNA
TARANTO,PUGLIA
BOLOGNA,EMILIA-ROMAGNA
PADOVA,VENETO
VERONA,VENETO
OSPEDALETTO EUGANEO,VENETO
COSENZA,CALABRIA
PENNE,ABRUZZO
SAN MARTINO VALLE CAUDINA,CAMPANIA
CASTIONS DI STRADA,FRIULI-VENEZIA-GIULIA
ALATRI,LAZIO
AVELLINO,CAMPANIA
PIEVE DI SOLIGO,VENETO
MASSA,TOSCANA
SANTO STEFANO LODIGIANO,LOMBARDIA
SONDRIO,LOMBARDIA
CAGLIARI,SARDEGNA
ROMA,LAZIO
GROSSETO,TOSCANA
TORINO,PIEMONTE
FERRARA,EMILIA-ROMAGNA
NAPOLI,CAMPANIA
PALAGONIA,SICILIA
NAPOLI,CAMPANIA
ROMA,LAZIO
ROVERCHIARA,VENETO
PADOVA,VENETO
SEGNI,LAZIO
LATIANO,PUGLIA
GUSPINI,SARDEGNA
MODENA,EMILIA-ROMAGNA
CIVITAVECCHIA,LAZIO
PISTOIA,TOSCANA
POTENZA,BASILICATA
TALSANO,PUGLIA
REGGIO NELL'EMILIA,EMILIA-ROMAGNA
MAMOIADA,SARDEGNA
LORENZAGO DI CADORE,VENETO
MONFALCONE,FRIULI-VENEZIA-GIULIA
PARMA,EMILIA-ROMAGNA
TRENTO,TRENTINO ALTO-ADIGE
CREMONA,LOMBARDIA
VIGATTO,EMILIA-ROMAGNA
CHIANCIANO TERME,TOSCANA
RIETI,LAZIO
SPOLETO,UMBRIA
PIACENZA,EMILIA-ROMAGNA
GROSSETO,TOSCANA
SANTA CROCE DI MAGLIANO,MOLISE
PAVULLO NEL FRIGNANO,EMILIA-ROMAGNA
ROMA,LAZIO
MEANA SARDO,SARDEGNA
PORDENONE,FRIULI-VENEZIA-GIULIA
COPPARO,EMILIA-ROMAGNA
,
VERONA,VENETO
NAPOLI,CAMPANIA
MONZA,LOMBARDIA
GARESSIO,PIEMONTE
PAVIA,LOMBARDIA
PALERMO,SICILIA
NAPOLI,CAMPANIA
NAPOLI,CAMPANIA
BORSEA,VENETO
NOVARA,PIEMONTE
PALMI,CALABRIA
BERGAMO,LOMBARDIA
RAVENNA,EMILIA-ROMAGNA
CAMPO CALABRO,CALABRIA
CESENA,EMILIA-ROMAGNA
BRENO,LOMBARDIA
SULMONA,ABRUZZO
POZZUOLI,CAMPANIA
BOLOGNA,EMILIA-ROMAGNA
RIMINI,EMILIA-ROMAGNA
TRAPANI,SICILIA
UDINE,FRIULI-VENEZIA-GIULIA
MERCATO SAN SEVERINO,CAMPANIA
VOLTERRA,TOSCANA
BRESSANONE,TRENTINO ALTO-ADIGE
FOGGIA,PUGLIA
SECONDIGLIANO,CAMPANIA
CISTERNINO,PUGLIA
STIO,CAMPANIA
TERMINI IMERESE,SICILIA
PESARO,MARCHE
VENEZIA,VENETO
PARMA,EMILIA-ROMAGNA
SARSINA,EMILIA-ROMAGNA
CINIGIANO,TOSCANA
NUORO,SARDEGNA
BORGOMANERO,PIEMONTE
CATANIA,SICILIA
VETTO,EMILIA-ROMAGNA
MIGLIONICO,BASILICATA
CARRE',VENETO
SILANUS,SARDEGNA
NICOSIA,SICILIA
PARMA,EMILIA-ROMAGNA
LIVORNO,TOSCANA
POLLINA,SICILIA
RECANATI,MARCHE
TRAPANI,SICILIA
ROMA,LAZIO
LUSCIANO,CAMPANIA
PALERMO,SICILIA
PADOVA,VENETO
MAGLIE,PUGLIA
ALESSANDRIA,PIEMONTE
VIGEVANO,LOMBARDIA
VENEZIA,VENETO
PESCINA,ABRUZZO
NAPOLI,CAMPANIA
VILLADEATI,PIEMONTE
SORRENTO,CAMPANIA
TORTONA,PIEMONTE
L'AQUILA,ABRUZZO
SCANSANO,TOSCANA
TORTONA,PIEMONTE
CASALE MONFERRATO,PIEMONTE
LUCERA,PUGLIA
SPOLETO,UMBRIA
VICENZA,VENETO
SASSARI,SARDEGNA
MONFORTE D'ALBA,PIEMONTE
FIRENZE,TOSCANA
PIOVENE ROCCHETTE,VENETO
TRIGGIANO,PUGLIA
FORLIMPOPOLI,EMILIA-ROMAGNA
TORREBELVICINO,VENETO
SANTA GIUSTINA,VENETO
CUPRAMONTANA,MARCHE
BLERA,LAZIO
OSTUNI,PUGLIA
BIELLA,PIEMONTE
ASTI,PIEMONTE
GENOVA,LIGURIA
CECINA,TOSCANA
MONTE SAN SAVINO,TOSCANA
NAPOLI,CAMPANIA
SAN DEMETRIO CORONE,CALABRIA
ROMA,LAZIO
PESCIA,TOSCANA
SAN GIOVANNI IN PERSICETO,EMILIA-ROMAGNA
RAPOLANO TERME,TOSCANA
SAN SECONDO PARMENSE,EMILIA-ROMAGNA
PRATO,TOSCANA
MONDOVI',PIEMONTE
MASSA,TOSCANA
FIRENZE,TOSCANA
ANCONA,MARCHE
STIENTA,VENETO
MANTOVA,LOMBARDIA
NUS,VALLE D'AOSTA
FERRARA,EMILIA-ROMAGNA
MERCATO SARACENO,EMILIA-ROMAGNA
GALLARATE,LOMBARDIA
FORMIA,LAZIO
VERONA,VENETO
MESSINA,SICILIA
PIEVE PORTO MORONE,LOMBARDIA
DIANO MARINA,LIGURIA
CREMONA,LOMBARDIA
MALEGNO,LOMBARDIA
COMO,LOMBARDIA
CARBONARE DI FOLGARIA,TRENTINO ALTO-ADIGE
CAGLIARI,SARDEGNA
CALTAGIRONE,SICILIA
NOVARA,PIEMONTE
BARICELLA,EMILIA-ROMAGNA
ISERNIA,MOLISE
ROMA,LAZIO
FERMO,MARCHE
PATERNO',SICILIA
ROMA,LAZIO
ROMA,LAZIO
MONTEGRANARO,MARCHE
CAMPAGNOLA EMILIA,EMILIA-ROMAGNA
ARCADE,VENETO
CITTADUCALE,LAZIO
CASALE SUL SILE,VENETO
CICCIANO,CAMPANIA
PESCASSEROLI,ABRUZZO
AVOLA,SICILIA
BAGHERIA,SICILIA
CERNUSCO SUL NAVIGLIO,LOMBARDIA
PIURO,LOMBARDIA
VALENZA,PIEMONTE
SIRACUSA,SICILIA
CARRU',PIEMONTE
FORLI',EMILIA-ROMAGNA
CAMPOBASSO,MOLISE
GEMONA DEL FRIULI,FRIULI-VENEZIA-GIULIA
REGGIO NELL'EMILIA,EMILIA-ROMAGNA
CIGOGNOLA,LOMBARDIA
PERUGIA,UMBRIA
LANGHIRANO,EMILIA-ROMAGNA
PESARO,MARCHE
MESSINA,SICILIA
SANNICANDRO GARGANICO,PUGLIA
MAGNANO,PIEMONTE
FORMICOLA,CAMPANIA
SACILE,FRIULI-VENEZIA-GIULIA
STRADELLA,LOMBARDIA
FOIANO DELLA CHIANA,TOSCANA
SORAGNA,EMILIA-ROMAGNA
LEGNAGO,VENETO
CASTELSARDO,SARDEGNA
COMO,LOMBARDIA
FOGGIA,PUGLIA
MORRA DE SANCTIS,CAMPANIA
AMENDOLARA,CALABRIA
MILANO,LOMBARDIA
NAPOLI,CAMPANIA
RUTINO,CAMPANIA
L'AQUILA,ABRUZZO
CAMPIGLIA CERVO,PIEMONTE
ARMUNGIA,SARDEGNA
SAN ZENONE AL PO,LOMBARDIA
LIVORNO,TOSCANA
MALITO,CALABRIA
MILANO,LOMBARDIA
MILANO,LOMBARDIA
ANCONA,MARCHE
FOLIGNO,UMBRIA
NUORO,SARDEGNA
PIACENZA,EMILIA-ROMAGNA
ROVIGO,VENETO
CATANZARO,CALABRIA
CHIARAVALLE,MARCHE
CUNEO,PIEMONTE
BORGO VAL DI TARO,EMILIA-ROMAGNA
MONTU' BECCARIA,LOMBARDIA
MILANO,LOMBARDIA
PIETRA LIGURE,LIGURIA
MELFI,BASILICATA
MAGLIANO SABINA,LAZIO
PALERMO,SICILIA
PIACENZA,EMILIA-ROMAGNA
PALERMO,SICILIA
PINEROLO,PIEMONTE
GISSI,ABRUZZO
SOMMATINO,SICILIA
SPINAZZOLA,PUGLIA
OSOPPO,FRIULI-VENEZIA-GIULIA
BENEVENTO,CAMPANIA
CANELLI,PIEMONTE
SIENA,TOSCANA
PORTICI,CAMPANIA
REGGIO DI CALABRIA,CALABRIA
MODENA,EMILIA-ROMAGNA
VIGGIANO,BASILICATA
TORINO,PIEMONTE
GROTTAMINARDA,CAMPANIA
FIRENZE,TOSCANA
MORTARA,LOMBARDIA
AVELLINO,CAMPANIA
REGGIO NELL'EMILIA,EMILIA-ROMAGNA
CATANIA,SICILIA
UDINE,FRIULI-VENEZIA-GIULIA
OCCHIEPPO SUPERIORE,PIEMONTE
CASTELLAMMARE DI STABIA,CAMPANIA
REGGIO DI CALABRIA,CALABRIA
BERTINORO,EMILIA-ROMAGNA
TEULADA,SARDEGNA
LECCE,PUGLIA
GENOVA,LIGURIA
SEDEGLIANO,FRIULI-VENEZIA-GIULIA
FONTANELLE,VENETO
REGGIO DI CALABRIA,CALABRIA
ROMA,LAZIO
CASTROVILLARI,CALABRIA
VERONA,VENETO
VICENZA,VENETO
MORBEGNO,LOMBARDIA
VELLETRI,LAZIO
REGGIO DI CALABRIA,CALABRIA
ATINA,LAZIO
POGGIO RUSCO,LOMBARDIA
PIETRAGALLA,BASILICATA
PALAGIANO,PUGLIA
RAVENNA,EMILIA-ROMAGNA
SASSARI,SARDEGNA
,
,
,
,
,
PISA,TOSCANA
BRESCIA,LOMBARDIA
BITONTO,PUGLIA
FORLI',EMILIA-ROMAGNA
ARVIER,VALLE D'AOSTA
BRACIGLIANO,CAMPANIA
PALERMO,SICILIA
GAGLIANO CASTELFERRATO,SICILIA
MARZANO APPIO,CAMPANIA
MANFREDONIA,PUGLIA
SANREMO,LIGURIA
BRENO,LOMBARDIA
PRIVERNO,LAZIO
FIRENZE,TOSCANA
GALLIPOLI,PUGLIA
ACQUALAGNA,MARCHE
MONTEMARCIANO,MARCHE
MESAGNE,PUGLIA
FIRENZE,TOSCANA
FERRARA,EMILIA-ROMAGNA
SENIGALLIA,MARCHE
TRANI,PUGLIA
DESENZANO DEL GARDA,LOMBARDIA
IVREA,PIEMONTE
AOSTA,VALLE D'AOSTA
TORINO,PIEMONTE
RIVAROLO,LIGURIA
ROMA,LAZIO
SCANSANO,TOSCANA
VENEZIA,VENETO
BASSIANO,LAZIO
NAPOLI,CAMPANIA
NAPOLI,CAMPANIA
NAPOLI,CAMPANIA
PIACENZA,EMILIA-ROMAGNA
SAN GIORGIO A CREMANO,CAMPANIA
ACERRA,CAMPANIA
GAMBOLO',LOMBARDIA
CASSANO ALL'IONIO,CALABRIA
CALANGIANUS,SARDEGNA
MARANO DI NAPOLI,CAMPANIA
BAGNI DI LUCCA,TOSCANA
SALERNO,CAMPANIA
VERONA,VENETO
CITTANOVA,CALABRIA
LONIGO,VENETO
PERUGIA,UMBRIA
MODICA,SICILIA
POSTIOMA,VENETO
MONTAURO,CALABRIA
PESCHICI,PUGLIA
OLIENA,SARDEGNA
VALLE MOSSO,PIEMONTE
MONTICELLO CONTE OTTO,VENETO
SAN PAOLO DI CIVITATE,PUGLIA
GALLARATE,LOMBARDIA
CATANZARO,CALABRIA
FIRENZE,TOSCANA
GENOVA,LIGURIA
ROVIGO,VENETO
RIETI,LAZIO
TAGLIACOZZO,ABRUZZO
MONDOVI',PIEMONTE
TORINO,PIEMONTE
PISA,TOSCANA
TEZZE SUL BRENTA,VENETO
,
SPARANISE,CAMPANIA
ROMA,LAZIO
VENEZIA,VENETO
PENNE,ABRUZZO
MESSINA,SICILIA
VELLETRI,LAZIO
PARTINICO,SICILIA
BRINDISI,PUGLIA
ABBIATEGRASSO,LOMBARDIA
AFRAGOLA,CAMPANIA
SAN DANIELE DEL FRIULI,FRIULI-VENEZIA-GIULIA
SAN GIOVANNI IN FIORE,CALABRIA
VOLTERRA,TOSCANA
BITRITTO,PUGLIA
BRONTE,SICILIA
MUGGIA,FRIULI-VENEZIA-GIULIA
GAVERINA TERME,LOMBARDIA
SAN MARZANO DI SAN GIUSEPPE,PUGLIA
MOTTAFOLLONE,CALABRIA
TRIESTE,FRIULI-VENEZIA-GIULIA
MUSSOMELI,SICILIA
REGGIO NELL'EMILIA,EMILIA-ROMAGNA
AOSTA,VALLE D'AOSTA
MAGIONE,UMBRIA
BORGOMANERO,PIEMONTE
MILANO,LOMBARDIA
PRATA CAMPORTACCIO,LOMBARDIA
CITTA' DI CASTELLO,UMBRIA
SOMMA VESUVIANA,CAMPANIA
ROMA,LAZIO
ROMA,LAZIO
ROMA,LAZIO
LIPARI,SICILIA
MAIORI,CAMPANIA
FUMONE,LAZIO
NAPOLI,CAMPANIA
REGGIO NELL'EMILIA,EMILIA-ROMAGNA
TERAMO,ABRUZZO
CEPPALONI,CAMPANIA
BARI,PUGLIA
PESCHIERA BORROMEO,LOMBARDIA
ROVERBELLA,LOMBARDIA
PADOVA,VENETO
TORINO,PIEMONTE
LECCO,LOMBARDIA
TORINO,PIEMONTE
BONATE SOPRA,LOMBARDIA
BOLOGNA,EMILIA-ROMAGNA
PADOVA,VENETO
BORGO VAL DI TARO,EMILIA-ROMAGNA
CALTAGIRONE,SICILIA
POMIGLIANO D'ARCO,CAMPANIA
PALERMO,SICILIA
ROMA,LAZIO
MORNAGO,LOMBARDIA
SPECCHIA,PUGLIA
SANTA SEVERINA,CALABRIA
CASTELNOVO DI SOTTO,EMILIA-ROMAGNA
PONTEDERA,TOSCANA
PERUGIA,UMBRIA
BETTOLA,EMILIA-ROMAGNA
NAPOLI,CAMPANIA
PISA,TOSCANA
REGGIO DI CALABRIA,CALABRIA
PISTOIA,TOSCANA
AOSTA,VALLE D'AOSTA
TRIESTE,FRIULI-VENEZIA-GIULIA
TRENTO,TRENTINO ALTO-ADIGE
FORNI DI SOTTO,FRIULI-VENEZIA-GIULIA
GRADO,FRIULI-VENEZIA-GIULIA
FOSSALTA DI PORTOGRUARO,VENETO
UDINE,FRIULI-VENEZIA-GIULIA
BETTONA,UMBRIA
FAENZA,EMILIA-ROMAGNA
TRICHIANA,VENETO
VERONA,VENETO
MODENA,EMILIA-ROMAGNA
CATANIA,SICILIA
SESTU,SARDEGNA
MESSINA,SICILIA
CARUNCHIO,ABRUZZO
ROSA',VENETO
CATANIA,SICILIA
SCICLI,SICILIA
MESSINA,SICILIA
FERRARA,EMILIA-ROMAGNA
SOLARINO,SICILIA
VITERBO,LAZIO
ARGELATO,EMILIA-ROMAGNA
ENNA,SICILIA
ESPERIA,LAZIO
MILANO,LOMBARDIA
CARLOFORTE,SARDEGNA
RAGUSA,SICILIA
SANT'ANTIOCO,SARDEGNA
PORTO AZZURRO,TOSCANA
MILITELLO ROSMARINO,SICILIA
VILLA SANTO STEFANO,LAZIO
PIACENZA,EMILIA-ROMAGNA
ROMA,LAZIO
CAMPOBASSO,MOLISE
BERRA,EMILIA-ROMAGNA
ZOCCA,EMILIA-ROMAGNA
TORRICE,LAZIO
MONTEMESOLA,PUGLIA
CATANIA,SICILIA
VICENZA,VENETO
FIRENZE,TOSCANA
TRECENTA,VENETO
SANTA MARGHERITA LIGURE,LIGURIA
VILLA SAN GIOVANNI,CALABRIA
LAGO,CALABRIA
VICENZA,VENETO
TAGGIA,LIGURIA
BRONI,LOMBARDIA
MILANO,LOMBARDIA
SANSEPOLCRO,TOSCANA
FAUGLIA,TOSCANA
EMPOLI,TOSCANA
CASTEL DEL PIANO,TOSCANA
CORIGLIANO CALABRO,CALABRIA
PADOVA,VENETO
ADRIA,VENETO
PRATO,TOSCANA
GENOVA,LIGURIA
REGGIO DI CALABRIA,CALABRIA
MONTEVARCHI,TOSCANA
MILANO,LOMBARDIA
MORMANNO,CALABRIA
CATANZARO,CALABRIA
SAN CALOGERO,CALABRIA
SORA,LAZIO
PADOVA,VENETO
GENOVA,LIGURIA
,
,
,
,
LEQUILE,PUGLIA
REGGIO DI CALABRIA,CALABRIA
VENEZIA,VENETO
VENEZIA,VENETO
ROVIGO,VENETO
NAPOLI,CAMPANIA
MELFI,BASILICATA
GORGO AL MONTICANO,VENETO
BERGAMO,LOMBARDIA
SALERNO,CAMPANIA
RIMINI,EMILIA-ROMAGNA
POVEGLIANO VERONESE,VENETO
MILANO,LOMBARDIA
GENOVA,LIGURIA
ROVIGO,VENETO
FILADELFIA,CALABRIA
L'AQUILA,ABRUZZO
SORIANO CALABRO,CALABRIA
ROMA,LAZIO
MILANO,LOMBARDIA
ANDRIA,PUGLIA
CARRARA,TOSCANA
SAN BENEDETTO DEL TRONTO,MARCHE
CASTELFRANCO EMILIA,EMILIA-ROMAGNA
COLLEDIMEZZO,ABRUZZO
NAPOLI,CAMPANIA
PARMA,EMILIA-ROMAGNA
TORINO,PIEMONTE
RESANA,VENETO
SAN MARCO IN LAMIS,PUGLIA
NAPOLI,CAMPANIA
BOLZANO,TRENTINO ALTO-ADIGE
ROSARNO,CALABRIA
BUGGERRU,SARDEGNA
CALTAGIRONE,SICILIA
FURNARI,SICILIA
NAPOLI,CAMPANIA
NAPOLI,CAMPANIA
ADELFIA,PUGLIA
LUGO,EMILIA-ROMAGNA
PERUGIA,UMBRIA
BARI,PUGLIA
NOVE,VENETO
CAMPOBELLO DI LICATA,SICILIA
PALERMO,SICILIA
MILANO,LOMBARDIA
ROCCA SAN CASCIANO,EMILIA-ROMAGNA
IMOLA,EMILIA-ROMAGNA
PRATO,TOSCANA
MIRANO,VENETO
CALOPEZZATI,CALABRIA
SAN PIETRO VERNOTICO,PUGLIA
BARI,PUGLIA
PALERMO,SICILIA
CITTADELLA,VENETO
SAVONA,LIGURIA
SAN MARZANO SUL SARNO,CAMPANIA
BENEVENTO,CAMPANIA
LAMA DEI PELIGNI,ABRUZZO
VIBONATI,CAMPANIA
SAN SEVERO,PUGLIA
BRINDISI,PUGLIA
L'AQUILA,ABRUZZO
NOCERA INFERIORE,CAMPANIA
CASAL DI PRINCIPE,CAMPANIA
CARPINETO SINELLO,ABRUZZO
NAPOLI,CAMPANIA
COLLELONGO,ABRUZZO
RUVO DEL MONTE,BASILICATA
BARI,PUGLIA
NARDO',PUGLIA
SAN MARCO LA CATOLA,PUGLIA
SALERNO,CAMPANIA
GIOIA DEL COLLE,PUGLIA
TAVERNA,CALABRIA
SALERNO,CAMPANIA
SAN CASSIANO,PUGLIA
TARANTO,PUGLIA
GALLIPOLI,PUGLIA
CAPPELLE SUL TAVO,ABRUZZO
SALERNO,CAMPANIA
SESSA AURUNCA,CAMPANIA
SALERNO,CAMPANIA
ACQUARICA DEL CAPO,PUGLIA
BITONTO,PUGLIA
ANDRIA,PUGLIA
AVERSA,CAMPANIA
SAN VITO DEI NORMANNI,PUGLIA
VIESTE,PUGLIA
MARCIANISE,CAMPANIA
TARANTO,PUGLIA
TARANTO,PUGLIA
BENEVENTO,CAMPANIA
LECCE,PUGLIA
CIVITAVECCHIA,LAZIO
PALERMO,SICILIA
MILANO,LOMBARDIA
MAZARA DEL VALLO,SICILIA
CUNEO,PIEMONTE
PALERMO,SICILIA
PREMOSELLO-CHIOVENDA,PIEMONTE
SAN PELLEGRINO TERME,LOMBARDIA
SCIACCA,SICILIA
ROMA,LAZIO
RACALMUTO,SICILIA
TERMINI IMERESE,SICILIA
BISACQUINO,SICILIA
BELLOSGUARDO,CAMPANIA
PALERMO,SICILIA
MARINO,LAZIO
ARAGONA,SICILIA
SASSARI,SARDEGNA
ALLUMIERE,LAZIO
POGGIO MOIANO,LAZIO
GELA,SICILIA
DOMODOSSOLA,PIEMONTE
NAPOLI,CAMPANIA
SANT'ANTONIO ABATE,CAMPANIA
,
,
TORRE DEL GRECO,CAMPANIA
GASSINO TORINESE,PIEMONTE
FRATTAMINORE,CAMPANIA
CHIVASSO,PIEMONTE
PESCARA,ABRUZZO
TORRE DEL GRECO,CAMPANIA
MOIANO,CAMPANIA
NAPOLI,CAMPANIA
TORINO,PIEMONTE
CATANIA,SICILIA
TORINO,PIEMONTE
GIUGLIANO IN CAMPANIA,CAMPANIA
NAPOLI,CAMPANIA
NAPOLI,CAMPANIA
REGGIO NELL'EMILIA,EMILIA-ROMAGNA
LEGNANO,LOMBARDIA
MILANO,LOMBARDIA
MILANO,LOMBARDIA
MORRONE DEL SANNIO,MOLISE
TRENTO,TRENTINO ALTO-ADIGE
ROMA,LAZIO
NAPOLI,CAMPANIA
POTENZA,BASILICATA
MARRADI,TOSCANA
CATANIA,SICILIA
BARI,PUGLIA
SOVERIA MANNELLI,CALABRIA
NOVENTA PADOVANA,VENETO
TRIESTE,FRIULI-VENEZIA-GIULIA
MONTEFINO,ABRUZZO
SAN BONIFACIO,VENETO
CERNUSCO SUL NAVIGLIO,LOMBARDIA
PIANORO,EMILIA-ROMAGNA
L'AQUILA,ABRUZZO
BOLOGNA,EMILIA-ROMAGNA
MAMOIADA,SARDEGNA
NAPOLI,CAMPANIA
FIVIZZANO,TOSCANA
FRANCAVILLA IN SINNI,BASILICATA
FERRANDINA,BASILICATA
GORLA MINORE,LOMBARDIA
AGRIGENTO,SICILIA
CAPRIATE SAN GERVASIO,LOMBARDIA
FIVIZZANO,TOSCANA
VENEZIA,VENETO
BRESCIA,LOMBARDIA
SASSARI,SARDEGNA
BASSANO DEL GRAPPA,VENETO
BELLUNO,VENETO
BERGAMO,LOMBARDIA
ANCONA,MARCHE
SAN GIOVANNI IN PERSICETO,EMILIA-ROMAGNA
MILANO,LOMBARDIA
LECCE,PUGLIA
ROMA,LAZIO
SENIGALLIA,MARCHE
MILANO,LOMBARDIA
VISANO,LOMBARDIA
PORTOFERRAIO,TOSCANA
ROMA,LAZIO
MILANO,LOMBARDIA
BELLUNO,VENETO
AVEZZANO,ABRUZZO
POTENZA,BASILICATA
PISOGNE,LOMBARDIA
PERUGIA,UMBRIA
SAN BENEDETTO DEL TRONTO,MARCHE
VALMADRERA,LOMBARDIA
MILANO,LOMBARDIA
FELTRE,VENETO
SONDRIO,LOMBARDIA
NOALE,VENETO
VENEZIA,VENETO
FAENZA,EMILIA-ROMAGNA
LA SPEZIA,LIGURIA
GENOVA,LIGURIA
LECCO,LOMBARDIA
FURCI SICULO,SICILIA
ROMA,LAZIO
TORINO,PIEMONTE
ROMA,LAZIO
RIONERO IN VULTURE,BASILICATA
L'AQUILA,ABRUZZO
PORTOGRUARO,VENETO
MELEGNANO,LOMBARDIA
SAN LAZZARO DI SAVENA,EMILIA-ROMAGNA
RECANATI,MARCHE
BRESCIA,LOMBARDIA
ROVIGO,VENETO
TRENTO,TRENTINO ALTO-ADIGE
COMO,LOMBARDIA
SGONICO,FRIULI-VENEZIA-GIULIA
NAPOLI,CAMPANIA
MONTORIO AL VOMANO,ABRUZZO
MASSA FISCAGLIA,EMILIA-ROMAGNA
ROCCAPIEMONTE,CAMPANIA
ROMA,LAZIO
LATRONICO,BASILICATA
MILANO,LOMBARDIA
GENOVA,LIGURIA
SIRACUSA,SICILIA
RIBERA,SICILIA
TORINO,PIEMONTE
ZERI,TOSCANA
NAPOLI,CAMPANIA
ROMA,LAZIO
OROTELLI,SARDEGNA
PALERMO,SICILIA
FIRENZE,TOSCANA
PISTOIA,TOSCANA
MILANO,LOMBARDIA
TRIESTE,FRIULI-VENEZIA-GIULIA
ROMA,LAZIO
MONTICELLI D'ONGINA,EMILIA-ROMAGNA
TORINO,PIEMONTE
ROMA,LAZIO
RIMINI,EMILIA-ROMAGNA
PRATO,TOSCANA
CALTANISSETTA,SICILIA
NOVARA,PIEMONTE
ROMA,LAZIO
VENEZIA,VENETO
GALLARATE,LOMBARDIA
MILANO,LOMBARDIA
IMPERIA,LIGURIA
SANTA MARIA DI SALA,VENETO
CAMPOBASSO,MOLISE
VENEZIA,VENETO
CIRO',CALABRIA
VILLA SANTA LUCIA,LAZIO
TORCHIARA,CAMPANIA
ROMA,LAZIO
DONNAS,VALLE D'AOSTA
CARBONIA,SARDEGNA
ARCINAZZO ROMANO,LAZIO
SAMUGHEO,SARDEGNA
VILLA SAN PIETRO,SARDEGNA
CLES,TRENTINO ALTO-ADIGE
UDINE,FRIULI-VENEZIA-GIULIA
TOLMEZZO,FRIULI-VENEZIA-GIULIA
VARALLO,PIEMONTE
MILANO,LOMBARDIA
MILANO,LOMBARDIA
MILANO,LOMBARDIA
NAPOLI,CAMPANIA
BRESCIA,LOMBARDIA
BERGAMO,LOMBARDIA
LA SPEZIA,LIGURIA
GENOVA,LIGURIA
ENTRATICO,LOMBARDIA
VARESE,LOMBARDIA
ANCONA,MARCHE
MONTERUBBIANO,MARCHE
MACERATA FELTRIA,MARCHE
URBINO,MARCHE
URBINO,MARCHE
ANCONA,MARCHE
CASTELVETRANO,SICILIA
CALTANISSETTA,SICILIA
GRANITI,SICILIA
JOPPOLO GIANCAXIO,SICILIA
PAVULLO NEL FRIGNANO,EMILIA-ROMAGNA
CARPI,EMILIA-ROMAGNA
FORLI',EMILIA-ROMAGNA
FORLI',EMILIA-ROMAGNA
ROMA,LAZIO
VERUCCHIO,EMILIA-ROMAGNA
GAMBETTOLA,EMILIA-ROMAGNA
VITTORIA,SICILIA
,
,
TORINO,PIEMONTE
TIRANO,LOMBARDIA
TORINO,PIEMONTE
SAN BENEDETTO DEL TRONTO,MARCHE
CARAVAGGIO,LOMBARDIA
GENOVA,LIGURIA
FIDENZA,EMILIA-ROMAGNA
TAVIANO,PUGLIA
RANDAZZO,SICILIA
POLIGNANO A MARE,PUGLIA
ASCIANO,TOSCANA
BOLOGNA,EMILIA-ROMAGNA
NOVARA,PIEMONTE
MESSINA,SICILIA
ASCOLI PICENO,MARCHE
TORRE DEL GRECO,CAMPANIA
LATIANO,PUGLIA
ROMA,LAZIO
NAPOLI,CAMPANIA
CATANIA,SICILIA
PARMA,EMILIA-ROMAGNA
LUCERA,PUGLIA
SOSSANO,VENETO
ROCCAMONTEPIANO,ABRUZZO
CATANIA,SICILIA
NOVAFELTRIA,MARCHE
SAN VITALIANO,CAMPANIA
REGGIO NELL'EMILIA,EMILIA-ROMAGNA
ROMA,LAZIO
MONTEPULCIANO,TOSCANA
CERRETO DI SPOLETO,UMBRIA
NARNI,UMBRIA
GIULIANO TEATINO,ABRUZZO
CAPO D'ORLANDO,SICILIA
FIRENZE,TOSCANA
SANTA MARIA DEL MOLISE,MOLISE
CAIOLO,LOMBARDIA
ORSOGNA,ABRUZZO
CARINI,SICILIA
BIVONGI,CALABRIA
ASCOLI PICENO,MARCHE
POTENZA,BASILICATA
CHIETI,ABRUZZO
NOTARESCO,ABRUZZO
PAGLIETA,ABRUZZO
NAPOLI,CAMPANIA
FOGGIA,PUGLIA
LINGUAGLOSSA,SICILIA
ARPINO,LAZIO
PESCO SANNITA,CAMPANIA
SAN GIOVANNI IN FIORE,CALABRIA
NAPOLI,CAMPANIA
COSENZA,CALABRIA
SUMMONTE,CAMPANIA
CUNEO,PIEMONTE
ROMA,LAZIO
TREVIGNANO ROMANO,LAZIO
ROMA,LAZIO
TORTONA,PIEMONTE
TORINO,PIEMONTE
CUNEO,PIEMONTE
ENNA,SICILIA
LECCE,PUGLIA
MALETTO,SICILIA
ROMA,LAZIO
SIZIANO,LOMBARDIA
MANTOVA,LOMBARDIA
BEREGUARDO,LOMBARDIA
PALERMO,SICILIA
MAGLIE,PUGLIA
PALO DEL COLLE,PUGLIA
CATANIA,SICILIA
LIZZANO,PUGLIA
BUDDUSO',SARDEGNA
BOLOGNA,EMILIA-ROMAGNA
NOICATTARO,PUGLIA
MANFREDONIA,PUGLIA
TERLIZZI,PUGLIA
TARANTO,PUGLIA
FRANCAVILLA FONTANA,PUGLIA
VITA,SICILIA
NAPOLI,CAMPANIA
FREGONA,VENETO
AGEROLA,CAMPANIA
TITO,BASILICATA
TORINO,PIEMONTE
GENOVA,LIGURIA
SONDRIO,LOMBARDIA
BOLOGNA,EMILIA-ROMAGNA
CASTELNUOVO DEL GARDA,VENETO
,
,
,
REGGIO DI CALABRIA,CALABRIA
NAPOLI,CAMPANIA
BARCELLONA POZZO DI GOTTO,SICILIA
SAN PAOLO BEL SITO,CAMPANIA
BENEVENTO,CAMPANIA
IGLESIAS,SARDEGNA
SAN BASILIO,SARDEGNA
NAPOLI,CAMPANIA
ALGHERO,SARDEGNA
TORINO,PIEMONTE
ALCAMO,SICILIA
MOGLIA,LOMBARDIA
GELA,SICILIA
POMARETTO,PIEMONTE
SANT'EUFEMIA D'ASPROMONTE,CALABRIA
COSENZA,CALABRIA
SAN PAOLO ALBANESE,BASILICATA
ROMA,LAZIO
BARI,PUGLIA
ROMA,LAZIO
MARCIANISE,CAMPANIA
CATANIA,SICILIA
CASAPULLA,CAMPANIA
SANTA PAOLINA,CAMPANIA
CATANZARO,CALABRIA
NAPOLI,CAMPANIA
ROMA,LAZIO
TORRE DEL GRECO,CAMPANIA
TARANTO,PUGLIA
PORTICI,CAMPANIA
PONTECORVO,LAZIO
MONZA,LOMBARDIA
BOLOGNA,EMILIA-ROMAGNA
CAMPOTOSTO,ABRUZZO
PESCARA,ABRUZZO
ROMA,LAZIO
COSTACCIARO,UMBRIA
ROMA,LAZIO
ROMA,LAZIO
TRIESTE,FRIULI-VENEZIA-GIULIA
FOLIGNO,UMBRIA
ALATRI,LAZIO
CANTERANO,LAZIO
ROMA,LAZIO
CASERTA,CAMPANIA
BOLOGNA,EMILIA-ROMAGNA
TARANTO,PUGLIA
SENIGALLIA,MARCHE
VENEZIA,VENETO
MILANO,LOMBARDIA
ROMA,LAZIO
CEGGIA,VENETO
MONZA,LOMBARDIA
MILANO,LOMBARDIA
LA SPEZIA,LIGURIA
VERONA,VENETO
IMPERIA,LIGURIA
SANREMO,LIGURIA
FERRARA,EMILIA-ROMAGNA
BOLZANO,TRENTINO ALTO-ADIGE
BOLOGNA,EMILIA-ROMAGNA
CASTRIGNANO DEL CAPO,PUGLIA
MILANO,LOMBARDIA
MASSA,TOSCANA
TERNI,UMBRIA
GOITO,LOMBARDIA
PALERMO,SICILIA
SOGLIANO AL RUBICONE,EMILIA-ROMAGNA
BICINICCO,FRIULI-VENEZIA-GIULIA
BOLZANO,TRENTINO ALTO-ADIGE
GRANZE,VENETO
POVOLETTO,FRIULI-VENEZIA-GIULIA
SAN GIULIANO DI PUGLIA,MOLISE
MILANO,LOMBARDIA
SUBIACO,LAZIO
PESCARA,ABRUZZO
RAGUSA,SICILIA
AULLA,TOSCANA
POLLA,CAMPANIA
TORINO,PIEMONTE
CAROVIGNO,PUGLIA
BISCEGLIE,PUGLIA
VERBANIA,PIEMONTE
POLIGNANO A MARE,PUGLIA
MELICUCCO,CALABRIA
CUGGIONO,LOMBARDIA
LECCO,LOMBARDIA
VIADANA,LOMBARDIA
CATANIA,SICILIA
BUSSOLENGO,VENETO
CAGLIARI,SARDEGNA
VICENZA,VENETO
PORDENONE,FRIULI-VENEZIA-GIULIA
BOLOGNA,EMILIA-ROMAGNA
CATANIA,SICILIA
TAGLIO DI PO,VENETO
NAPOLI,CAMPANIA
GALLIPOLI,PUGLIA
CIGLIANO,PIEMONTE
CREMA,LOMBARDIA
RUTIGLIANO,PUGLIA
VITERBO,LAZIO
AREZZO,TOSCANA
MILANO,LOMBARDIA
CASTELMEZZANO,BASILICATA
ROMA,LAZIO
VICENZA,VENETO
FIORENZUOLA D'ARDA,EMILIA-ROMAGNA
COREGLIA ANTELMINELLI,TOSCANA
MURO LECCESE,PUGLIA
SANT'ANASTASIA,CAMPANIA
TORINO,PIEMONTE
FOSSANO,PIEMONTE
FELTRE,VENETO
TRIESTE,FRIULI-VENEZIA-GIULIA
ROMA,LAZIO
BELLUNO,VENETO
CASTELLI CALEPIO,LOMBARDIA
LAMEZIA TERME,CALABRIA
PARTINICO,SICILIA
AVELLINO,CAMPANIA
PESCARA,ABRUZZO
MILANO,LOMBARDIA
MANTOVA,LOMBARDIA
RHO,LOMBARDIA
SPOLETO,UMBRIA
FIRENZE,TOSCANA
GAIARINE,VENETO
BERGAMO,LOMBARDIA
BRONI,LOMBARDIA
MILANO,LOMBARDIA
BOLOGNA,EMILIA-ROMAGNA
CREMONA,LOMBARDIA
SUZZARA,LOMBARDIA
BUSTO ARSIZIO,LOMBARDIA
CANTU',LOMBARDIA
MILANO,LOMBARDIA
BERGAMO,LOMBARDIA
GENOVA,LIGURIA
PAVIA,LOMBARDIA
PIETRAPERZIA,SICILIA
GENOVA,LIGURIA
PERUGIA,UMBRIA
CITTA' DI CASTELLO,UMBRIA
ORVIETO,UMBRIA
TORINO,PIEMONTE
MONCALIERI,PIEMONTE
IGLESIAS,SARDEGNA
ROMA,LAZIO
ROMA,LAZIO
ROMA,LAZIO
GUIDIZZOLO,LOMBARDIA
CORATO,PUGLIA
MONTE PORZIO,MARCHE
RENDE,CALABRIA
TOSCOLANO-MADERNO,LOMBARDIA
TERRACINA,LAZIO
UDINE,FRIULI-VENEZIA-GIULIA
BARRAFRANCA,SICILIA
ALESSANDRIA,PIEMONTE
GALTELLI',SARDEGNA
SANT'ANGELO DEI LOMBARDI,CAMPANIA
ACERRA,CAMPANIA
PONTE NOSSA,LOMBARDIA
,
,
MESSINA,SICILIA
ROSIGNANO MARITTIMO,TOSCANA
BRESCIA,LOMBARDIA
SENIGALLIA,MARCHE
ANCONA,MARCHE
MONFALCONE,FRIULI-VENEZIA-GIULIA
MILANO,LOMBARDIA
CATANIA,SICILIA
AQUILEIA,FRIULI-VENEZIA-GIULIA
SANT'AMBROGIO DI VALPOLICELLA,VENETO
SAN SEBASTIANO AL VESUVIO,CAMPANIA
ROMA,LAZIO
SIENA,TOSCANA
SERRAMANNA,SARDEGNA
LUGO,EMILIA-ROMAGNA
ACIREALE,SICILIA
CELANO,ABRUZZO
FIRENZE,TOSCANA
COSENZA,CALABRIA
ROMA,LAZIO
CARPINETO ROMANO,LAZIO
MILANO,LOMBARDIA
ROMA,LAZIO
NAPOLI,CAMPANIA
NAPOLI,CAMPANIA
AVELLINO,CAMPANIA
ROMA,LAZIO
NAPOLI,CAMPANIA
OTTATI,CAMPANIA
NAPOLI,CAMPANIA
ROMA,LAZIO
SALERNO,CAMPANIA
NAPOLI,CAMPANIA
POMPEI,CAMPANIA
NAPOLI,CAMPANIA
ROMA,LAZIO
NAPOLI,CAMPANIA
SALERNO,CAMPANIA
AVERSA,CAMPANIA
ROMA,LAZIO
VERONA,VENETO
PADOVA,VENETO
ISOLA DELLA SCALA,VENETO
ROMA,LAZIO
VICENZA,VENETO
VERONA,VENETO
BORGOSESIA,PIEMONTE
BIELLA,PIEMONTE
OLBIA,SARDEGNA
FORLI',EMILIA-ROMAGNA
OLBIA,SARDEGNA
ROMA,LAZIO
BOLOGNA,EMILIA-ROMAGNA
VILLACIDRO,SARDEGNA
SAN SECONDO PARMENSE,EMILIA-ROMAGNA
SAN GIOVANNI A PIRO,CAMPANIA
SASSARI,SARDEGNA
BOLOGNA,EMILIA-ROMAGNA
FERRARA,EMILIA-ROMAGNA
CAMUGNANO,EMILIA-ROMAGNA
VENEZIA,VENETO
MASSA MARITTIMA,TOSCANA
VENEZIA,VENETO
FIRENZE,TOSCANA
PRATO,TOSCANA
AREZZO,TOSCANA
FIRENZE,TOSCANA
ROTELLA,MARCHE
FELTRE,VENETO
VENEZIA,VENETO
GODEGA DI SANT'URBANO,VENETO
ROMA,LAZIO
BARI,PUGLIA
BARI,PUGLIA
SAN MARCO IN LAMIS,PUGLIA
PALERMO,SICILIA
BRINDISI,PUGLIA
BISCEGLIE,PUGLIA
AGRIGENTO,SICILIA
BARI,PUGLIA
PUTIGNANO,PUGLIA
ROMA,LAZIO
CALTAGIRONE,SICILIA
REGGIO DI CALABRIA,CALABRIA
LONGANO,MOLISE
CORIGLIANO CALABRO,CALABRIA
NAPOLI,CAMPANIA
MESSINA,SICILIA
CALTANISSETTA,SICILIA
SULMONA,ABRUZZO
MODICA,SICILIA
CATANIA,SICILIA
CATANIA,SICILIA
MESSINA,SICILIA
PALERMO,SICILIA
ROSETO DEGLI ABRUZZI,ABRUZZO
MARSALA,SICILIA
SANTE MARIE,ABRUZZO
ROMA,LAZIO
EBOLI,CAMPANIA
MONREALE,SICILIA
FIRENZE,TOSCANA
GENOVA,LIGURIA
SONDRIO,LOMBARDIA
DESIO,LOMBARDIA
BENEVENTO,CAMPANIA
REGGIO DI CALABRIA,CALABRIA
ANDRIA,PUGLIA
MESSINA,SICILIA
GUBBIO,UMBRIA
SACILE,FRIULI-VENEZIA-GIULIA
POTENZA,BASILICATA
MILANO,LOMBARDIA
BOSCOREALE,CAMPANIA
PAVIA,LOMBARDIA
SAN CATALDO,SICILIA
POMIGLIANO D'ARCO,CAMPANIA
SESTO SAN GIOVANNI,LOMBARDIA
COSENZA,CALABRIA
ROMA,LAZIO
CHIAVARI,LIGURIA
CATANIA,SICILIA
ROMA,LAZIO
BOTRICELLO,CALABRIA
CALTAGIRONE,SICILIA
NOLE,PIEMONTE
CAMPOSANO,CAMPANIA
MONTORO INFERIORE,CAMPANIA
VERONA,VENETO
MILANO,LOMBARDIA
ANCONA,MARCHE
PALERMO,SICILIA
CIVIDALE DEL FRIULI,FRIULI-VENEZIA-GIULIA
PIAZZA AL SERCHIO,TOSCANA
SAN DONA' DI PIAVE,VENETO
TARANTO,PUGLIA
CAMERANA,PIEMONTE
VALBONDIONE,LOMBARDIA
REGGIO DI CALABRIA,CALABRIA
SENIGALLIA,MARCHE
PALAZZAGO,LOMBARDIA
BARCELLONA POZZO DI GOTTO,SICILIA
GROTTERIA,CALABRIA
CATANIA,SICILIA
AVELLINO,CAMPANIA
GRAMMICHELE,SICILIA
AGEROLA,CAMPANIA
LUCERA,PUGLIA
CASOLI,ABRUZZO
PRALBOINO,LOMBARDIA
NOVA SIRI,BASILICATA
ALANO DI PIAVE,VENETO
ASCOLI PICENO,MARCHE
IGLESIAS,SARDEGNA
PIEDIMONTE MATESE,CAMPANIA
TERAMO,ABRUZZO
MOSCIANO SANT'ANGELO,ABRUZZO
PALERMO,SICILIA
TARANTO,PUGLIA
VIMERCATE,LOMBARDIA
GENOVA,LIGURIA
TORINO,PIEMONTE
MEDE,LOMBARDIA
SANTA MARIA A VICO,CAMPANIA
LA SPEZIA,LIGURIA
ALESSANDRIA,PIEMONTE
FANO,MARCHE
ALLISTE,PUGLIA
ISCHIA,CAMPANIA
MACERATA,MARCHE
NAPOLI,CAMPANIA
VARESE,LOMBARDIA
CASALE MONFERRATO,PIEMONTE
CANELLI,PIEMONTE
AGRIGENTO,SICILIA
ROMA,LAZIO
ROMA,LAZIO
VOGHERA,LOMBARDIA
LISSONE,LOMBARDIA
,
,
SANTA MARIA A MONTE,TOSCANA
SASSARI,SARDEGNA
PREMOSELLO-CHIOVENDA,PIEMONTE
ALSENO,EMILIA-ROMAGNA
ROMA,LAZIO
ROMA,LAZIO
MANTOVA,LOMBARDIA
FERMO,MARCHE
SANTA MARIA CAPUA VETERE,CAMPANIA
SAVONA,LIGURIA
PALERMO,SICILIA
BRESCIA,LOMBARDIA
TREVIGLIO,LOMBARDIA
TORINO,PIEMONTE
VICENZA,VENETO
CANALE,PIEMONTE
CONTURSI TERME,CAMPANIA
BRESCIA,LOMBARDIA
BRESCIA,LOMBARDIA
BRESCIA,LOMBARDIA
CALCINATE,LOMBARDIA
BRESCIA,LOMBARDIA
LEGNANO,LOMBARDIA
TORINO,PIEMONTE
SERMIDE,LOMBARDIA
PESARO,MARCHE
BRESCIA,LOMBARDIA
CALCINATE,LOMBARDIA
BESANA IN BRIANZA,LOMBARDIA
GALLARATE,LOMBARDIA
BASCIANO,ABRUZZO
TORINO,PIEMONTE
CERIGNOLA,PUGLIA
TORINO,PIEMONTE
CURON VENOSTA,TRENTINO ALTO-ADIGE
BRESSANONE,TRENTINO ALTO-ADIGE
ARCO,TRENTINO ALTO-ADIGE
BOLZANO/BOZEN,TRENTINO ALTO-ADIGE
TRENTO,TRENTINO ALTO-ADIGE
ROMA,LAZIO
MONTEBELLUNA,VENETO
LAVAGNA,LIGURIA
SORESINA,LOMBARDIA
DOLO,VENETO
CATANIA,SICILIA
LEGNANO,LOMBARDIA
NOGARA,VENETO
NEGRAR,VENETO
PAVIA,LOMBARDIA
NEGRAR,VENETO
LODI,LOMBARDIA
THIENE,VENETO
VIGONZA,VENETO
VENEZIA,VENETO
NOVENTA VICENTINA,VENETO
VERONA,VENETO
TORINO,PIEMONTE
ARZIGNANO,VENETO
VENEZIA,VENETO
BELLUNO,VENETO
FORANO,LAZIO
MONTEBELLUNA,VENETO
MOTTA DI LIVENZA,VENETO
VENEZIA,VENETO
VENEZIA,VENETO
BELLUNO,VENETO
SAN VITO AL TAGLIAMENTO,FRIULI-VENEZIA-GIULIA
FIESOLE,TOSCANA
MONFALCONE,FRIULI-VENEZIA-GIULIA
ROMA,LAZIO
ROMA,LAZIO
SAN VITO AL TAGLIAMENTO,FRIULI-VENEZIA-GIULIA
TRIESTE,FRIULI-VENEZIA-GIULIA
FIRENZE,TOSCANA
BAZZANO,EMILIA-ROMAGNA
CITTA' DI CASTELLO,UMBRIA
MODENA,EMILIA-ROMAGNA
SASSUOLO,EMILIA-ROMAGNA
LOANO,LIGURIA
GENOVA,LIGURIA
SAVONA,LIGURIA
GENOVA,LIGURIA
FROSINONE,LAZIO
POGGIO MOIANO,LAZIO
QUARTU SANT'ELENA,SARDEGNA
GENOVA,LIGURIA
ALBENGA,LIGURIA
PRIVERNO,LAZIO
VITERBO,LAZIO
LATINA,LAZIO
FROSINONE,LAZIO
CESENA,EMILIA-ROMAGNA
ROMA,LAZIO
ANCONA,MARCHE
FANO,MARCHE
PALERMO,SICILIA
SANTA MARIA NUOVA,MARCHE
PORTO SAN GIORGIO,MARCHE
ROMA,LAZIO
IMOLA,EMILIA-ROMAGNA
CREMA,LOMBARDIA
BERGAMO,LOMBARDIA
MILANO,LOMBARDIA
SPINEDA,LOMBARDIA
GROTTE SANTO STEFANO,LAZIO
NAPOLI,CAMPANIA
ROMA,LAZIO
PADOVA,VENETO
NAPOLI,CAMPANIA
UCRIA,SICILIA
ALTAMURA,PUGLIA
SALERNO,CAMPANIA
RIMINI,EMILIA-ROMAGNA
SINNAI,SARDEGNA
GENOVA,LIGURIA
MAZARA DEL VALLO,SICILIA
SALERNO,CAMPANIA
CAPOTERRA,SARDEGNA
CASTELLANETA,PUGLIA
LENOLA,LAZIO
LIVORNO,TOSCANA
SAN GIORGIO DI NOGARO,FRIULI-VENEZIA-GIULIA
FRANCAVILLA FONTANA,PUGLIA
PATU',PUGLIA
SOMMA VESUVIANA,CAMPANIA
PORTO TORRES,SARDEGNA
BIELLA,PIEMONTE
CALTANISSETTA,SICILIA
CANICATTI',SICILIA
CENTO,EMILIA-ROMAGNA
PARMA,EMILIA-ROMAGNA
CASSANO ALL'IONIO,CALABRIA
SAN GENNARO VESUVIANO,CAMPANIA
PALIANO,LAZIO
CAGLIARI,SARDEGNA
MARCARIA,LOMBARDIA
RAGUSA,SICILIA
NAPOLI,CAMPANIA
BRESCIA,LOMBARDIA
UDINE,FRIULI-VENEZIA-GIULIA
CARONIA,SICILIA
CASCINA,TOSCANA
SIENA,TOSCANA
FIRENZE,TOSCANA
BELLUNO,VENETO
MILANO,LOMBARDIA
MOGLIA,LOMBARDIA
CALTO,VENETO
VENEZIA,VENETO
VENEZIA,VENETO
AIDONE,SICILIA
PALAZZOLO DELLO STELLA,FRIULI-VENEZIA-GIULIA
MANCIANO,TOSCANA
RIMINI,EMILIA-ROMAGNA
BUSACHI,SARDEGNA
TORINO,PIEMONTE
TORINO,PIEMONTE
TRENTO,TRENTINO ALTO-ADIGE
SAN CIPRIANO PICENTINO,CAMPANIA
RIVELLO,BASILICATA
TRECCHINA,BASILICATA
MIRADOLO TERME,LOMBARDIA
SIENA,TOSCANA
NAPOLI,CAMPANIA
MONASTIER DI TREVISO,VENETO
CAIRANO,CAMPANIA
SUPINO,LAZIO
FORTEZZA,TRENTINO ALTO-ADIGE
ROMA,LAZIO
MURLO,TOSCANA
CASTELNUOVO RANGONE,EMILIA-ROMAGNA
ROMA,LAZIO
NOLA,CAMPANIA
VALDERICE,SICILIA
RIESI,SICILIA
COLOGNO AL SERIO,LOMBARDIA
CREMONA,LOMBARDIA
TORINO,PIEMONTE
SANTA NINFA,SICILIA
VENARIA REALE,PIEMONTE
ROVERETO,TRENTINO ALTO-ADIGE
,
ROMA,LAZIO
ROMA,LAZIO
ROMA,LAZIO
CATANIA,SICILIA
ROMA,LAZIO
ROMA,LAZIO
ROMA,LAZIO
ROMA,LAZIO
ROMA,LAZIO
ROMA,LAZIO
BARI,PUGLIA
BARI,PUGLIA
ROMA,LAZIO
ANDRIA,PUGLIA
CASTELLANA GROTTE,PUGLIA
GALATINA,PUGLIA
FORLI',EMILIA-ROMAGNA
BARI,PUGLIA
NAPOLI,CAMPANIA
TARANTO,PUGLIA
IMOLA,EMILIA-ROMAGNA
PUTIGNANO,PUGLIA
NAPOLI,CAMPANIA
ALFONSINE,EMILIA-ROMAGNA
BITONTO,PUGLIA
NAPOLI,CAMPANIA
SAN PAOLO BEL SITO,CAMPANIA
NAPOLI,CAMPANIA
PISA,TOSCANA
NAPOLI,CAMPANIA
RIMINI,EMILIA-ROMAGNA
NAPOLI,CAMPANIA
AVELLINO,CAMPANIA
VILLARICCA,CAMPANIA
ANCONA,MARCHE
PRATO,TOSCANA
LECCE,PUGLIA
GRAMMICHELE,SICILIA
BARI,PUGLIA
SALERNO,CAMPANIA
AVELLINO,CAMPANIA
SALERNO,CAMPANIA
TARANTO,PUGLIA
NAPOLI,CAMPANIA
MONTEFALCIONE,CAMPANIA
LECCE,PUGLIA
NAPOLI,CAMPANIA
PESCARA,ABRUZZO
REGGIO NELL'EMILIA,EMILIA-ROMAGNA
PAGANI,CAMPANIA
RIETI,LAZIO
PALERMO,SICILIA
CARPI,EMILIA-ROMAGNA
AVELLINO,CAMPANIA
SALERNO,CAMPANIA
ACQUARICA DEL CAPO,PUGLIA
MARTINA FRANCA,PUGLIA
BOLOGNA,EMILIA-ROMAGNA
LECCE,PUGLIA
CENTO,EMILIA-ROMAGNA
POTENZA,BASILICATA
CENTO,EMILIA-ROMAGNA
PIETRAPERTOSA,BASILICATA
PAVULLO NEL FRIGNANO,EMILIA-ROMAGNA
BRA,PIEMONTE
PALERMO,SICILIA
PREMOSELLO-CHIOVENDA,PIEMONTE
FIRENZE,TOSCANA
MARINEO,SICILIA
AGRIGENTO,SICILIA
BRA,PIEMONTE
AOSTA,VALLE D'AOSTA
NOVARA,PIEMONTE
CAGLIARI,SARDEGNA
SOMMA LOMBARDO,LOMBARDIA
ASTI,PIEMONTE
CAGLIARI,SARDEGNA
PALERMO,SICILIA
SASSARI,SARDEGNA
CARBONIA,SARDEGNA
ROMA,LAZIO
PESCARA,ABRUZZO
CHIETI,ABRUZZO
NUORO,SARDEGNA
POPOLI,ABRUZZO
MILAZZO,SICILIA
MAZARA DEL VALLO,SICILIA
SIRACUSA,SICILIA
FIGLINE VALDARNO,TOSCANA
TRICASE,PUGLIA
PALERMO,SICILIA
CASTELMASSA,VENETO
RAGUSA,SICILIA
MONTEVARCHI,TOSCANA
SIRACUSA,SICILIA
COSENZA,CALABRIA
PIOMBINO,TOSCANA
CATANZARO,CALABRIA
AREZZO,TOSCANA
EMPOLI,TOSCANA
MELFI,BASILICATA
TORRE DEL GRECO,CAMPANIA
MOTTA SAN GIOVANNI,CALABRIA
DIAMANTE,CALABRIA
SERRA SAN BRUNO,CALABRIA
PRATO,TOSCANA
VINCI,TOSCANA
BRONTE,SICILIA
FIRENZE,TOSCANA
SIENA,TOSCANA
MILANO,LOMBARDIA
FIGLINE VALDARNO,TOSCANA
FIRENZE,TOSCANA
PESCIA,TOSCANA
CASTELNUOVO DI VAL DI CECINA,TOSCANA
MILANO,LOMBARDIA
LIVORNO,TOSCANA
FIRENZE,TOSCANA
MONZA,LOMBARDIA
GRUMO APPULA,PUGLIA
CARONNO PERTUSELLA,LOMBARDIA
PADERNO DUGNANO,LOMBARDIA
MERATE,LOMBARDIA
COSENZA,CALABRIA
MILANO,LOMBARDIA
BARI,PUGLIA
SARONNO,LOMBARDIA
MILANO,LOMBARDIA
POZZUOLI,CAMPANIA
PALERMO,SICILIA
DESIO,LOMBARDIA
MONZA,LOMBARDIA
MILITELLO IN VAL DI CATANIA,SICILIA
VERONA,VENETO
CASALE MONFERRATO,PIEMONTE
OPPIDO MAMERTINA,CALABRIA
CREMA,LOMBARDIA
BRUNICO,TRENTINO ALTO-ADIGE
PADOVA,VENETO
ROMA,LAZIO
VENEZIA,VENETO
MILANO,LOMBARDIA
RAVENNA,EMILIA-ROMAGNA
TIVOLI,LAZIO
ROMA,LAZIO
AVELLINO,CAMPANIA
AVELLINO,CAMPANIA
COSENZA,CALABRIA
AGRIGENTO,SICILIA
GROTTAGLIE,PUGLIA
ROMA,LAZIO
CORATO,PUGLIA
CODOGNO,LOMBARDIA
ROMA,LAZIO
CATANIA,SICILIA
ISOLA RIZZA,VENETO
RIMINI,EMILIA-ROMAGNA
NOVI LIGURE,PIEMONTE
CASORIA,CAMPANIA
CONEGLIANO,VENETO
ROMA,LAZIO
VERCELLI,PIEMONTE
ROMA,LAZIO
MACOMER,SARDEGNA
GORIZIA,FRIULI-VENEZIA-GIULIA
FAENZA,EMILIA-ROMAGNA
BOLOGNA,EMILIA-ROMAGNA
ROMA,LAZIO
BARI,PUGLIA
AGRIGENTO,SICILIA
,
,
,
,
,
,
,
,
MONGHIDORO,EMILIA-ROMAGNA
PALERMO,SICILIA
SANTA VENERINA,SICILIA
CATANZARO,CALABRIA
POTENZA,BASILICATA
PALERMO,SICILIA
,
MILANO,LOMBARDIA
VERONA,VENETO
BARI,PUGLIA
TORINO,PIEMONTE
BARLETTA,PUGLIA
DOMODOSSOLA,PIEMONTE
CASSANO MAGNAGO,LOMBARDIA
PLATACI,CALABRIA
CARUNCHIO,ABRUZZO
COMO,LOMBARDIA
PALERMO,SICILIA
BAGHERIA,SICILIA
GIRIFALCO,CALABRIA
BERGAMO,LOMBARDIA
CAMPOBASSO,MOLISE
RECANATI,MARCHE
GAMBASSI TERME,TOSCANA
MARENO DI PIAVE,VENETO
LOMASO,TRENTINO ALTO-ADIGE
FORMIA,LAZIO
JERZU,SARDEGNA
LECCE,PUGLIA
GENOVA,LIGURIA
LECCO,LOMBARDIA
LIVRAGA,LOMBARDIA
GONNOSNO',SARDEGNA
AVERSA,CAMPANIA
FIRENZE,TOSCANA
MONTEGIORGIO,MARCHE
PORTO MANTOVANO,LOMBARDIA
NAPOLI,CAMPANIA
BARI,PUGLIA
MOROZZO,PIEMONTE
CREMONA,LOMBARDIA
MONTE SAN PIETRANGELI,MARCHE
SANTA MARGHERITA DI BELICE,SICILIA
NOVARA,PIEMONTE
SIRACUSA,SICILIA
NARNI,UMBRIA
ROMA,LAZIO
BERGAMO,LOMBARDIA
FIRENZE,TOSCANA
VALDASTICO,VENETO
CEPAGATTI,ABRUZZO
PADOVA,VENETO
BENEVENTO,CAMPANIA
FELTRE,VENETO
MONTORO INFERIORE,CAMPANIA
FOGGIA,PUGLIA
ALFEDENA,ABRUZZO
AGRIGENTO,SICILIA
SUSA,PIEMONTE
VENEZIA,VENETO
POVIGLIO,EMILIA-ROMAGNA
BARI,PUGLIA
MERANO,TRENTINO ALTO-ADIGE
MASSA,TOSCANA
TORINO,PIEMONTE
CATANIA,SICILIA
CASTEL GIORGIO,UMBRIA
LA SPEZIA,LIGURIA
VERONA,VENETO
SEREGNO,LOMBARDIA
RAVANUSA,SICILIA
LA SPEZIA,LIGURIA
TORINO,PIEMONTE
PISA,TOSCANA
ROMA,LAZIO
VIGNOLA,EMILIA-ROMAGNA
NOVENTA PADOVANA,VENETO
PALERMO,SICILIA
CASATENOVO,LOMBARDIA
NAPOLI,CAMPANIA
TORINO,PIEMONTE
ROMA,LAZIO
AREZZO,TOSCANA
MODENA,EMILIA-ROMAGNA
LUMEZZANE,LOMBARDIA
CAPO D'ORLANDO,SICILIA
SERRAVALLE SCRIVIA,PIEMONTE
PESCIA,TOSCANA
MONTE DI PROCIDA,CAMPANIA
NAPOLI,CAMPANIA
PISTOIA,TOSCANA
GIUGLIANO IN CAMPANIA,CAMPANIA
NAPOLI,CAMPANIA
VALLO DELLA LUCANIA,CAMPANIA
CAPALBIO,TOSCANA
FAVARA,SICILIA
PATERNO',SICILIA
IMPERIA,LIGURIA
LEGNANO,LOMBARDIA
BARI,PUGLIA
FILADELFIA,CALABRIA
CANTU',LOMBARDIA
GALLICCHIO,BASILICATA
PADOVA,VENETO
NAPOLI,CAMPANIA
VIGEVANO,LOMBARDIA
VICENZA,VENETO
URGNANO,LOMBARDIA
SAN CATALDO,SICILIA
LUCCA,TOSCANA
FIRENZE,TOSCANA
BOVA,CALABRIA
BARGA,TOSCANA
GENOVA,LIGURIA
FIAMIGNANO,LAZIO
SAN PIO DELLE CAMERE,ABRUZZO
TORRE DEL GRECO,CAMPANIA
VARESE,LOMBARDIA
SANTA MARIA CAPUA VETERE,CAMPANIA
NAPOLI,CAMPANIA
GRAFFIGNANA,LOMBARDIA
PESCARA,ABRUZZO
TREVISO,VENETO
CASTROCARO TERME E TERRA DEL SOLE,EMILIA-ROMAGNA
CEGLIE MESSAPICA,PUGLIA
ROMA,LAZIO
BORGIALLO,PIEMONTE
VERONA,VENETO
PIOMBINO,TOSCANA
FRASSINETO PO,PIEMONTE
CODOGNO,LOMBARDIA
BARBERINO DI MUGELLO,TOSCANA
ACIREALE,SICILIA
CASTELVETRANO,SICILIA
GELA,SICILIA
SAN GIOVANNI IN FIORE,CALABRIA
CATANZARO,CALABRIA
GANDINO,LOMBARDIA
ORROLI,SARDEGNA
PALERMO,SICILIA
COMO,LOMBARDIA
CONEGLIANO,VENETO
MILANO,LOMBARDIA
SANTA LUCIA DEL MELA,SICILIA
LIVORNO,TOSCANA
TRENTO,TRENTINO ALTO-ADIGE
MONTEFIORINO,EMILIA-ROMAGNA
AVELLINO,CAMPANIA
PALERMO,SICILIA
VERONA,VENETO
SALERNO,CAMPANIA
MONZA,LOMBARDIA
MILANO,LOMBARDIA
MILANO,LOMBARDIA
FORLI',EMILIA-ROMAGNA
TORINO,PIEMONTE
PALERMO,SICILIA
CANEVA,FRIULI-VENEZIA-GIULIA
ALTINO,ABRUZZO
CASORIA,CAMPANIA
DOMODOSSOLA,PIEMONTE
CHIUSA SCLAFANI,SICILIA
ROMA,LAZIO
VIGEVANO,LOMBARDIA
ARITZO,SARDEGNA
ROSETO DEGLI ABRUZZI,ABRUZZO
ANTIGNANO,PIEMONTE
ROMA,LAZIO
NOALE,VENETO
PIACENZA,EMILIA-ROMAGNA
BITONTO,PUGLIA
VENEZIA,VENETO
REGGIO DI CALABRIA,CALABRIA
VARAPODIO,CALABRIA
CODIGORO,EMILIA-ROMAGNA
ALESSANDRIA,PIEMONTE
AVERSA,CAMPANIA
SALERNO,CAMPANIA
IVREA,PIEMONTE
COSENZA,CALABRIA
QUARTU SANT'ELENA,SARDEGNA
BUSTO ARSIZIO,LOMBARDIA
TORINO,PIEMONTE
FARINDOLA,ABRUZZO
CATANIA,SICILIA
FERRARA,EMILIA-ROMAGNA
CROTONE,CALABRIA
FOSSALTO,MOLISE
SATRIANO,CALABRIA
ROCCA DI PAPA,LAZIO
ISPICA,SICILIA
QUISTELLO,LOMBARDIA
SANTA FIORA,TOSCANA
REGALBUTO,SICILIA
BARI,PUGLIA
ANAGNI,LAZIO
CAMPOGALLIANO,EMILIA-ROMAGNA
FORLI',EMILIA-ROMAGNA
BUONCONVENTO,TOSCANA
NAPOLI,CAMPANIA
BARI,PUGLIA
FUBINE,PIEMONTE
NAPOLI,CAMPANIA
CASTELLAMMARE DI STABIA,CAMPANIA
BRESSANONE,TRENTINO ALTO-ADIGE
FERRARA,EMILIA-ROMAGNA
,
,
PARTANNA,SICILIA
BRISIGHELLA,EMILIA-ROMAGNA
CRUCOLI,CALABRIA
MAZZARINO,SICILIA
CORLETO PERTICARA,BASILICATA
PALERMO,SICILIA
FORLI',EMILIA-ROMAGNA
PIANO DI SORRENTO,CAMPANIA
MONTORIO,VENETO
BARI,PUGLIA
TORINO,PIEMONTE
ROFRANO,CAMPANIA
NAPOLI,CAMPANIA
LECCE,PUGLIA
PALERMO,SICILIA
REGGIO NELL'EMILIA,EMILIA-ROMAGNA
SANT'APOLLINARE,LAZIO
MORTEGLIANO,FRIULI-VENEZIA-GIULIA
SIRACUSA,SICILIA
CREMONA,LOMBARDIA
GUBBIO,UMBRIA
PALERMO,SICILIA
COMO,LOMBARDIA
POTENZA,BASILICATA
CATANIA,SICILIA
ROMA,LAZIO
TRAPANI,SICILIA
PALERMO,SICILIA
VENTIMIGLIA,LIGURIA
POLISTENA,CALABRIA
REGALBUTO,SICILIA
NARNI,UMBRIA
BARI,PUGLIA
PADOVA,VENETO
L'AQUILA,ABRUZZO
NUORO,SARDEGNA
BISCEGLIE,PUGLIA
GENOVA,LIGURIA
RONCADE,VENETO
ENNA,SICILIA
GIOIA TAURO,CALABRIA
SPILIMBERGO,FRIULI-VENEZIA-GIULIA
ROMA,LAZIO
PALERMO,SICILIA
BRESCIA,LOMBARDIA
ACQUAVIVA DELLE FONTI,PUGLIA
GHEDI,LOMBARDIA
CASTROVILLARI,CALABRIA
VIBO VALENTIA,CALABRIA
RAGUSA,SICILIA
CASALPUSTERLENGO,LOMBARDIA
GIUGLIANO IN CAMPANIA,CAMPANIA
IVREA,PIEMONTE
TARANTO,PUGLIA
ROMA,LAZIO
ROBECCO D'OGLIO,LOMBARDIA
SPOLETO,UMBRIA
SCALEA,CALABRIA
MILANO,LOMBARDIA
MILANO,LOMBARDIA
BOLOGNA,EMILIA-ROMAGNA
MILANO,LOMBARDIA
ROMA,LAZIO
SESTO SAN GIOVANNI,LOMBARDIA
TERRACINA,LAZIO
VERGHERETO,EMILIA-ROMAGNA
MILANO,LOMBARDIA
GELA,SICILIA
GENOVA,LIGURIA
BRESCIA,LOMBARDIA
CATTOLICA ERACLEA,SICILIA
CERIGNOLA,PUGLIA
MODICA,SICILIA
VARESE,LOMBARDIA
TORREBELVICINO,VENETO
BOLOGNA,EMILIA-ROMAGNA
LECCO,LOMBARDIA
ROCCELLA IONICA,CALABRIA
PERUGIA,UMBRIA
NOVI LIGURE,PIEMONTE
TRENTO,TRENTINO ALTO-ADIGE
VOLTERRA,TOSCANA
GALLIPOLI,PUGLIA
MARCIANA,TOSCANA
TORINO,PIEMONTE
SALERNO,CAMPANIA
BRESCIA,LOMBARDIA
SAVONA,LIGURIA
CARRARA,TOSCANA
BARI,PUGLIA
CASALVIERI,LAZIO
EBOLI,CAMPANIA
PIETRASANTA,TOSCANA
MILITELLO ROSMARINO,SICILIA
COMISO,SICILIA
MAZARA DEL VALLO,SICILIA
PALERMO,SICILIA
MANTA,PIEMONTE
TOLMEZZO,FRIULI-VENEZIA-GIULIA
VENEZIA,VENETO
PISTOIA,TOSCANA
CAVE,LAZIO
ANCONA,MARCHE
NAPOLI,CAMPANIA
TORINO,PIEMONTE
SAN MAURO TORINESE,PIEMONTE
TRENTO,TRENTINO ALTO-ADIGE
PALERMO,SICILIA
ROMA,LAZIO
MILANO,LOMBARDIA
MILANO,LOMBARDIA
OFFIDA,MARCHE
SAN GIUSEPPE VESUVIANO,CAMPANIA
RIVIGNANO,FRIULI-VENEZIA-GIULIA
TORINO,PIEMONTE
SERSALE,CALABRIA
MINTURNO,LAZIO
LISSONE,LOMBARDIA
MILANO,LOMBARDIA
INVERIGO,LOMBARDIA
GALATI MAMERTINO,SICILIA
VILLA SAN GIOVANNI,CALABRIA
CHIAVARI,LIGURIA
GALATONE,PUGLIA
MADDALONI,CAMPANIA
LIVORNO,TOSCANA
SANNAZZARO DE' BURGONDI,LOMBARDIA
OSINI,SARDEGNA
CASTELLAMMARE DI STABIA,CAMPANIA
TORRE ANNUNZIATA,CAMPANIA
TORINO,PIEMONTE
TARANTO,PUGLIA
COLLELONGO,ABRUZZO
ACQUI TERME,PIEMONTE
CALTANISSETTA,SICILIA
GANDINO,LOMBARDIA
ROMA,LAZIO
GORIZIA,FRIULI-VENEZIA-GIULIA
MESAGNE,PUGLIA
SAN SEVERO,PUGLIA
SCERNI,ABRUZZO
VILLA SANTA MARIA,ABRUZZO
MILANO,LOMBARDIA
VAIRANO PATENORA,CAMPANIA
GENOVA,LIGURIA
CERCEMAGGIORE,MOLISE
SAN CIPRIANO D'AVERSA,CAMPANIA
ROMA,LAZIO
CAGLIARI,SARDEGNA
FIRENZE,TOSCANA
MILANO,LOMBARDIA
QUINTO DI TREVISO,VENETO
ANCONA,MARCHE
FANO,MARCHE
PREDAPPIO,EMILIA-ROMAGNA
CEGLIE MESSAPICA,PUGLIA
SCIGLIANO,CALABRIA
AVIGLIANA,PIEMONTE
ROMA,LAZIO
ANCONA,MARCHE
THIENE,VENETO
DESIO,LOMBARDIA
TORINO,PIEMONTE
ALGHERO,SARDEGNA
TRANSACQUA,TRENTINO ALTO-ADIGE
AUGUSTA,SICILIA
CATANIA,SICILIA
BARDI,EMILIA-ROMAGNA
ROMA,LAZIO
PADOVA,VENETO
SERRA SAN QUIRICO,MARCHE
LUGO,EMILIA-ROMAGNA
CREMONA,LOMBARDIA
FERRARA,EMILIA-ROMAGNA
CALTAGIRONE,SICILIA
FRIGNANO,CAMPANIA
GIULIANOVA,ABRUZZO
CUNEO,PIEMONTE
TORINO,PIEMONTE
DARFO BOARIO TERME,LOMBARDIA
OSIMO,MARCHE
LOCOROTONDO,PUGLIA
COSENZA,CALABRIA
ACERRA,CAMPANIA
CODOGNO,LOMBARDIA
MONZA,LOMBARDIA
BARLETTA,PUGLIA
GENOVA,LIGURIA
ROMA,LAZIO
SAVONA,LIGURIA
AGLIANA,TOSCANA
ROMA,LAZIO
MILANO,LOMBARDIA
TEANO,CAMPANIA
ARZANO,CAMPANIA
NAPOLI,CAMPANIA
MILANO,LOMBARDIA
FIERA DI PRIMIERO,TRENTINO ALTO-ADIGE
LIVORNO,TOSCANA
ROMA,LAZIO
VICENZA,VENETO
LICATA,SICILIA
SALERNO,CAMPANIA
VERONA,VENETO
BERGAMO,LOMBARDIA
SANT'ANGELO D'ALIFE,CAMPANIA
VITTORIA,SICILIA
PALAZZO SAN GERVASIO,BASILICATA
NAPOLI,CAMPANIA
MONDRAGONE,CAMPANIA
CALTAGIRONE,SICILIA
CERMENATE,LOMBARDIA
BUBBIANO,LOMBARDIA
RAPOLANO TERME,TOSCANA
ZEVIO,VENETO
FOSSALTA DI PORTOGRUARO,VENETO
CREMONA,LOMBARDIA
CRISPIANO,PUGLIA
NAPOLI,CAMPANIA
GENOVA,LIGURIA
CREMONA,LOMBARDIA
,
,
,
,
BOLOGNA,EMILIA-ROMAGNA
BERGAMO,LOMBARDIA
ROMA,LAZIO
MESSINA,SICILIA
ROMA,LAZIO
BOSCOREALE,CAMPANIA
FERLA,SICILIA
SCANDIANO,EMILIA-ROMAGNA
TORINO,PIEMONTE
MELFI,BASILICATA
CAMAIORE,TOSCANA
GENOVA,LIGURIA
LURATE CACCIVIO,LOMBARDIA
CALTANISSETTA,SICILIA
GENOVA,LIGURIA
PAVIA,LOMBARDIA
TORINO,PIEMONTE
CATANIA,SICILIA
ROMA,LAZIO
PAVIA,LOMBARDIA
CHIARAVALLE,MARCHE
SERRAMONACESCA,ABRUZZO
BRINDISI,PUGLIA
ENNA,SICILIA
SQUILLACE,CALABRIA
,
GIOIOSA IONICA,CALABRIA
ALCAMO,SICILIA
TERMINI IMERESE,SICILIA
MODUGNO,PUGLIA
LUSERNA SAN GIOVANNI,PIEMONTE
VIGEVANO,LOMBARDIA
ALESSANDRIA,PIEMONTE
TORINO,PIEMONTE
BITTI,SARDEGNA
NOLA,CAMPANIA
CEGLIE MESSAPICA,PUGLIA
ASCOLI SATRIANO,PUGLIA
BARI,PUGLIA
MURO LECCESE,PUGLIA
ARAGONA,SICILIA
TAVERNOLA BERGAMASCA,LOMBARDIA
MESSINA,SICILIA
NAPOLI,CAMPANIA
ALESSANDRIA,PIEMONTE
CREMONA,LOMBARDIA
ROMA,LAZIO
CAGLIARI,SARDEGNA
ROMA,LAZIO
GIOIA DEL COLLE,PUGLIA
MANFREDONIA,PUGLIA
CATANIA,SICILIA
BUONABITACOLO,CAMPANIA
NAPOLI,CAMPANIA
ROMA,LAZIO
FOGGIA,PUGLIA
NAPOLI,CAMPANIA
VENEZIA,VENETO
PIEVE DI CADORE,VENETO
VERONA,VENETO
GUIDONIA MONTECELIO,LAZIO
PALERMO,SICILIA
LAURIA,BASILICATA
CAPO D'ORLANDO,SICILIA
ALBA,PIEMONTE
CATANIA,SICILIA
BOLZANO,TRENTINO ALTO-ADIGE
BRESCIA,LOMBARDIA
UDINE,FRIULI-VENEZIA-GIULIA
BOLOGNA,EMILIA-ROMAGNA
SOMMARIVA PERNO,PIEMONTE
SORRENTO,CAMPANIA
BOLOGNA,EMILIA-ROMAGNA
ROMA,LAZIO
PESARO,MARCHE
PIETRA LIGURE,LIGURIA
CASTELVETRANO,SICILIA
LENTINI,SICILIA
AFRAGOLA,CAMPANIA
TRIESTE,FRIULI-VENEZIA-GIULIA
SANT'EGIDIO DEL MONTE ALBINO,CAMPANIA
SANT'AGATA DI PUGLIA,PUGLIA
ARDARA,SARDEGNA
TIRANO,LOMBARDIA
CLES,TRENTINO ALTO-ADIGE
CAGLIARI,SARDEGNA
UGENTO,PUGLIA
AVIGLIANO,BASILICATA
CHIETI,ABRUZZO
SESTO SAN GIOVANNI,LOMBARDIA
CATANIA,SICILIA
LEVERANO,PUGLIA
CAMPOBASSO,MOLISE
AVEZZANO,ABRUZZO
VALENTANO,LAZIO
CALTAGIRONE,SICILIA
CASSOLA,VENETO
SAN GIORGIO DEL SANNIO,CAMPANIA
VENEZIA,VENETO
SAN GIORGIO MONFERRATO,PIEMONTE
COSTERMANO,VENETO
GENOVA,LIGURIA
TRIESTE,FRIULI-VENEZIA-GIULIA
LOCOROTONDO,PUGLIA
FRATTAMAGGIORE,CAMPANIA
JESOLO,VENETO
CASALMAGGIORE,LOMBARDIA
BAGHERIA,SICILIA
MACOMER,SARDEGNA
ASSEMINI,SARDEGNA
MONSELICE,VENETO
CHIAVARI,LIGURIA
OSIMO,MARCHE
MATERA,BASILICATA
ORUNE,SARDEGNA
SARONNO,LOMBARDIA
MORRO D'ORO,ABRUZZO
TERNI,UMBRIA
TRAPANI,SICILIA
NAPOLI,CAMPANIA
PORTICI,CAMPANIA
FIRENZE,TOSCANA
PAVIA,LOMBARDIA
LAMEZIA TERME,CALABRIA
VENAFRO,MOLISE
NAPOLI,CAMPANIA
SARNO,CAMPANIA
TORINO,PIEMONTE
FOZA,VENETO
ERBA,LOMBARDIA
MILANO,LOMBARDIA
MILANO,LOMBARDIA
VOBARNO,LOMBARDIA
MILANO,LOMBARDIA
CASALE MONFERRATO,PIEMONTE
AVELLINO,CAMPANIA
CURSI,PUGLIA
MILANO,LOMBARDIA
UDINE,FRIULI-VENEZIA-GIULIA
ROMA,LAZIO
MILANO,LOMBARDIA
SAN VALENTINO IN ABRUZZO CITERIORE,ABRUZZO
PAGANI,CAMPANIA
CAVAGLIA',PIEMONTE
TORINO,PIEMONTE
LERCARA FRIDDI,SICILIA
CASTROVILLARI,CALABRIA
BRESCIA,LOMBARDIA
OZIERI,SARDEGNA
TELTI,SARDEGNA
PORTOGRUARO,VENETO
CAVA DE' TIRRENI,CAMPANIA
FRIGENTO,CAMPANIA
ROMA,LAZIO
GRUMO NEVANO,CAMPANIA
CASTELTERMINI,SICILIA
IMOLA,EMILIA-ROMAGNA
GENZANO DI ROMA,LAZIO
CIRO',CALABRIA
MINEO,SICILIA
VERONA,VENETO
POZZALLO,SICILIA
CASTELPOTO,CAMPANIA
TEVEROLA,CAMPANIA
MELFI,BASILICATA
ORGOSOLO,SARDEGNA
BARI,PUGLIA
SCILLATO,SICILIA
NAPOLI,CAMPANIA
UDINE,FRIULI-VENEZIA-GIULIA
CASSINO,LAZIO
LEONFORTE,SICILIA
VENEZIA,VENETO
MARCARIA,LOMBARDIA
ROMA,LAZIO
ASTI,PIEMONTE
SAN FELICE A CANCELLO,CAMPANIA
SORA,LAZIO
NOVARA,PIEMONTE
BAIANO,CAMPANIA
LECCE,PUGLIA
BERGAMO,LOMBARDIA
ALATRI,LAZIO
ROVIGO,VENETO
PICERNO,BASILICATA
ROMA,LAZIO
MARSALA,SICILIA
SONDRIO,LOMBARDIA
VENEZIA,VENETO
MONTEBELLUNA,VENETO
SARNO,CAMPANIA
URBINO,MARCHE
CESENA,EMILIA-ROMAGNA
PERUGIA,UMBRIA
PADOVA,VENETO
ROMA,LAZIO
MILANO,LOMBARDIA
MILANO,LOMBARDIA
CUCCARO VETERE,CAMPANIA
MONTESCAGLIOSO,BASILICATA
PADOVA,VENETO
LANZO TORINESE,PIEMONTE
GENOVA,LIGURIA
REGGIO NELL'EMILIA,EMILIA-ROMAGNA
SIENA,TOSCANA
ROMA,LAZIO
TARANTO,PUGLIA
LATINA,LAZIO
VERBANIA,PIEMONTE
SALA BOLOGNESE,EMILIA-ROMAGNA
MERANO,TRENTINO ALTO-ADIGE
BASSANO DEL GRAPPA,VENETO
GOZZANO,PIEMONTE
VARESE,LOMBARDIA
MANTOVA,LOMBARDIA
SAONARA,VENETO
NAPOLI,CAMPANIA
TORINO,PIEMONTE
TARANTO,PUGLIA
COSENZA,CALABRIA
,
,
LAVENO-MOMBELLO,LOMBARDIA
ANDRIA,PUGLIA
L'AQUILA,ABRUZZO
ARAGONA,SICILIA
FIRENZE,TOSCANA
GRADO,FRIULI-VENEZIA-GIULIA
BONORVA,SARDEGNA
GRECO,LOMBARDIA
PARMA,EMILIA-ROMAGNA
FIRENZE,TOSCANA
TODI,UMBRIA
TRECATE,PIEMONTE
TOLENTINO,MARCHE
PALERMO,SICILIA
BERTINORO,EMILIA-ROMAGNA
PARTINICO,SICILIA
FIRENZE,TOSCANA
CATANIA,SICILIA
BARI,PUGLIA
MILANO,LOMBARDIA
FOLIGNO,UMBRIA
GRADO,FRIULI-VENEZIA-GIULIA
LIVORNO,TOSCANA
PISA,TOSCANA
VALDERICE,SICILIA
CANICATTINI BAGNI,SICILIA
BEDONIA,EMILIA-ROMAGNA
MASSA,TOSCANA
MILANO,LOMBARDIA
LANUSEI,SARDEGNA
MILANO,LOMBARDIA
ASTI,PIEMONTE
VIGLIANO D'ASTI,PIEMONTE
BOLZANO,TRENTINO ALTO-ADIGE
ROMA,LAZIO
COMO,LOMBARDIA
MAGLIE,PUGLIA
PORTOGRUARO,VENETO
CASALPUSTERLENGO,LOMBARDIA
POLLINA,SICILIA
MILANO,LOMBARDIA
NAPOLI,CAMPANIA
FIRENZE,TOSCANA
IMPERIA,LIGURIA
BAGNONE,TOSCANA
EMPOLI,TOSCANA
PISA,TOSCANA
GATTICO,PIEMONTE
MONTEMAGGIORE BELSITO,SICILIA
COSENZA,CALABRIA
CANINO,LAZIO
TORINO,PIEMONTE
CAMERANA,PIEMONTE
BERGAMO,LOMBARDIA
MONTESARCHIO,CAMPANIA
CAGLIARI,SARDEGNA
MONTICHIARI,LOMBARDIA
RIVA DEL GARDA,TRENTINO ALTO-ADIGE
RUVO DI PUGLIA,PUGLIA
RUVO DI PUGLIA,PUGLIA
SAGLIANO MICCA,PIEMONTE
SAN GIOVANNI LUPATOTO,VENETO
MILANO,LOMBARDIA
STELLA,LIGURIA
PIANCASTAGNAIO,TOSCANA
COSENZA,CALABRIA
ITTIRI,SARDEGNA
CALVISANO,LOMBARDIA
PONTECCHIO POLESINE,VENETO
FERRARA,EMILIA-ROMAGNA
RENDE,CALABRIA
CHIARAVALLE CENTRALE,CALABRIA
CALTABELLOTTA,SICILIA
SAN PIETRO AL TANAGRO,CAMPANIA
FOLIGNO,UMBRIA
VECCHIANO,TOSCANA
NAPOLI,CAMPANIA
BERGAMO,LOMBARDIA
CAPUA,CAMPANIA
CARDINALE,CALABRIA
MARATEA,BASILICATA
LECCE,PUGLIA
TREVISO,VENETO
BARLETTA,PUGLIA
FOGGIA,PUGLIA
MONCALIERI,PIEMONTE
TORINO,PIEMONTE
CHATILLON,VALLE D'AOSTA
MILANO,LOMBARDIA
CHIVASSO,PIEMONTE
PINEROLO,PIEMONTE
TORINO,PIEMONTE
CATANIA,SICILIA
VALPERGA,PIEMONTE
MONTANARO,PIEMONTE
CAVOUR,PIEMONTE
CUNEO,PIEMONTE
VILLAFRANCA D'ASTI,PIEMONTE
CASALE MONFERRATO,PIEMONTE
ALESSANDRIA,PIEMONTE
TAGLIOLO MONFERRATO,PIEMONTE
LOZZOLO,PIEMONTE
PALAZZO SAN GERVASIO,BASILICATA
ROMA,LAZIO
TORINO,PIEMONTE
PALAZZAGO,LOMBARDIA
MESSINA,SICILIA
LEGNANO,LOMBARDIA
BUSTO ARSIZIO,LOMBARDIA
SEREGNO,LOMBARDIA
MILANO,LOMBARDIA
DESIO,LOMBARDIA
MILANO,LOMBARDIA
SAN SEVERINO,CAMPANIA
MODENA,EMILIA-ROMAGNA
MILANO,LOMBARDIA
MOLTRASIO,LOMBARDIA
BARI,PUGLIA
AVEZZANO,ABRUZZO
L'AQUILA,ABRUZZO
ROMA,LAZIO
PISA,TOSCANA
SAN MARTINO IN PENSILIS,MOLISE
POTENZA,BASILICATA
MELFI,BASILICATA
MONZA,LOMBARDIA
ROTONDELLA,BASILICATA
LAURIA,BASILICATA
SAN BENEDETTO DEL TRONTO,MARCHE
NOVAFELTRIA,MARCHE
VITERBO,LAZIO
MONTEFIASCONE,LAZIO
RIETI,LAZIO
ROMA,LAZIO
ARPINO,LAZIO
ROMA,LAZIO
ROMA,LAZIO
ROMA,LAZIO
ROMA,LAZIO
ROMA,LAZIO
NETTUNO,LAZIO
ROMA,LAZIO
GRADOLI,LAZIO
ROMA,LAZIO
ROMA,LAZIO
REGGIO DI CALABRIA,CALABRIA
ROMA,LAZIO
GORGA,LAZIO
SALERNO,CAMPANIA
TRIESTE,FRIULI-VENEZIA-GIULIA
GAETA,LAZIO
ALTAMURA,PUGLIA
ESTE,VENETO
CANNETO PAVESE,LOMBARDIA
FIRENZE,TOSCANA
CREMA,LOMBARDIA
,
VILLA MINOZZO,EMILIA-ROMAGNA
MILANO,LOMBARDIA
PRATO,TOSCANA
PORTOGRUARO,VENETO
SAVONA,LIGURIA
GENOVA,LIGURIA
VERONA,VENETO
BRESCIA,LOMBARDIA
VALLO DELLA LUCANIA,CAMPANIA
PALERMO,SICILIA
BORORE,SARDEGNA
LECCE,PUGLIA
GRAGNANO,CAMPANIA
MONFORTE SAN GIORGIO,SICILIA
ADRIA,VENETO
FONTANIVA,VENETO
ARZIGNANO,VENETO
CENGIO,LIGURIA
TOLLO,ABRUZZO
CHIOGGIA,VENETO
TRIESTE,FRIULI-VENEZIA-GIULIA
ROMA,LAZIO
SCANDICCI,TOSCANA
SANT'ARSENIO,CAMPANIA
COMO,LOMBARDIA
TORRICELLA PELIGNA,ABRUZZO
AVERSA,CAMPANIA
CORATO,PUGLIA
SARCHE,TRENTINO ALTO-ADIGE
SAN SEVERO,PUGLIA
PALOMBARA SABINA,LAZIO
ROMA,LAZIO
TRENTO,TRENTINO ALTO-ADIGE
SIRACUSA,SICILIA
PISTOIA,TOSCANA
CREMA,LOMBARDIA
POGGIARDO,PUGLIA
COSENZA,CALABRIA
,
,
MILANO,LOMBARDIA
MANTOVA,LOMBARDIA
PORTO MANTOVANO,LOMBARDIA
LAGONEGRO,BASILICATA
FABRIANO,MARCHE
GALLARATE,LOMBARDIA
CAZZAGO BRABBIA,LOMBARDIA
CANTU',LOMBARDIA
FALOPPIO,LOMBARDIA
BELLANO,LOMBARDIA
GALBIATE,LOMBARDIA
CARAVAGGIO,LOMBARDIA
VERBANIA,PIEMONTE
BERGAMO,LOMBARDIA
UBIALE CLANEZZO,LOMBARDIA
ADRO,LOMBARDIA
BRESCIA,LOMBARDIA
BRESCIA,LOMBARDIA
MAIRANO,LOMBARDIA
TRENZANO,LOMBARDIA
CASTREZZATO,LOMBARDIA
BRESCIA,LOMBARDIA
ROMA,LAZIO
TRENTO,TRENTINO ALTO-ADIGE
PINZOLO,TRENTINO ALTO-ADIGE
CAVALESE,TRENTINO ALTO-ADIGE
MESSINA,SICILIA
UDINE,FRIULI-VENEZIA-GIULIA
UDINE,FRIULI-VENEZIA-GIULIA
TARCENTO,FRIULI-VENEZIA-GIULIA
SEDEGLIANO,FRIULI-VENEZIA-GIULIA
ROMA,LAZIO
IMPERIA,LIGURIA
TORINO,PIEMONTE
GENOVA,LIGURIA
CARPENETO,PIEMONTE
BOLOGNA,EMILIA-ROMAGNA
VERONA,VENETO
VERONA,VENETO
MILANO,LOMBARDIA
VICENZA,VENETO
BASSANO DEL GRAPPA,VENETO
THIENE,VENETO
VALDAGNO,VENETO
SOSSANO,VENETO
CITTADELLA,VENETO
PADOVA,VENETO
STANGHELLA,VENETO
CAMPOSAMPIERO,VENETO
ROVIGO,VENETO
ROVIGO,VENETO
VENEZIA,VENETO
SAN STINO DI LIVENZA,VENETO
CASTELFRANCO VENETO,VENETO
FONTANELLE,VENETO
FONTANAFREDDA,FRIULI-VENEZIA-GIULIA
ISTRANA,VENETO
FIRENZE,TOSCANA
FIRENZE,TOSCANA
CORTONA,TOSCANA
LONGOBARDI,CALABRIA
VIBO VALENTIA,CALABRIA
PISA,TOSCANA
COLLESALVETTI,TOSCANA
FORLI',EMILIA-ROMAGNA
SCANDIANO,EMILIA-ROMAGNA
BOLOGNA,EMILIA-ROMAGNA
ROMA,LAZIO
MODENA,EMILIA-ROMAGNA
PIACENZA,EMILIA-ROMAGNA
FIORENZUOLA D'ARDA,EMILIA-ROMAGNA
NAPOLI,CAMPANIA
CAULONIA,CALABRIA
BRUSCIANO,CAMPANIA
AFRAGOLA,CAMPANIA
NAPOLI,CAMPANIA
MARIGLIANO,CAMPANIA
CASTELLAMMARE DI STABIA,CAMPANIA
NAPOLI,CAMPANIA
NAPOLI,CAMPANIA
TRAPANI,SICILIA
CASAL DI PRINCIPE,CAMPANIA
AIROLA,CAMPANIA
AVELLINO,CAMPANIA
SALERNO,CAMPANIA
SOLOPACA,CAMPANIA
PERDIFUMO,CAMPANIA
VALLO DELLA LUCANIA,CAMPANIA
SANNICANDRO GARGANICO,PUGLIA
BICCARI,PUGLIA
LECCE,PUGLIA
CIVITAVECCHIA,LAZIO
TARANTO,PUGLIA
MANDURIA,PUGLIA
CRISPIANO,PUGLIA
PALAGIANELLO,PUGLIA
BARI,PUGLIA
ANDRIA,PUGLIA
BARI,PUGLIA
BITONTO,PUGLIA
GRAVINA IN PUGLIA,PUGLIA
CROTONE,CALABRIA
NOCI,PUGLIA
MESAGNE,PUGLIA
TARANTO,PUGLIA
CORIGLIANO CALABRO,CALABRIA
SPEZZANO DELLA SILA,CALABRIA
COSENZA,CALABRIA
CATANZARO,CALABRIA
CATANZARO,CALABRIA
CROTONE,CALABRIA
REGGIO DI CALABRIA,CALABRIA
SERRA SAN BRUNO,CALABRIA
AVERSA,CAMPANIA
MARSALA,SICILIA
MAZARA DEL VALLO,SICILIA
CANICATTI',SICILIA
PALERMO,SICILIA
MUSSOMELI,SICILIA
LICATA,SICILIA
RIBERA,SICILIA
ENNA,SICILIA
GRAMMICHELE,SICILIA
MODICA,SICILIA
CUNEO,PIEMONTE
LURAS,SARDEGNA
ARBOREA,SARDEGNA
BANARI,SARDEGNA
OLZAI,SARDEGNA
TAGLIACOZZO,ABRUZZO
ALGHERO,SARDEGNA
OSCHIRI,SARDEGNA
ROMA,LAZIO
ERBA,LOMBARDIA
ROMA,LAZIO
MARIGLIANO,CAMPANIA
LENDINARA,VENETO
BUSCA,PIEMONTE
ROMA,LAZIO
ROMA,LAZIO
ROMA,LAZIO
CREMONA,LOMBARDIA
ROMA,LAZIO
PESARO,MARCHE
BOLOGNA,EMILIA-ROMAGNA
POTENZA,BASILICATA
VERONA,VENETO
BOLOGNA,EMILIA-ROMAGNA
FONTANELLATO,EMILIA-ROMAGNA
BELLUNO,VENETO
PESCARA,ABRUZZO
SALA CONSILINA,CAMPANIA
SALERNO,CAMPANIA
ROMA,LAZIO
UDINE,FRIULI-VENEZIA-GIULIA
GENOVA,LIGURIA
ACQUI TERME,PIEMONTE
MESSINA,SICILIA
CIVITELLA DEL TRONTO,ABRUZZO
AVERSA,CAMPANIA
PALERMO,SICILIA
PALERMO,SICILIA
CAPANNORI,TOSCANA
ROMA,LAZIO
SASSARI,SARDEGNA
ANAGNI,LAZIO
FIRENZE,TOSCANA
NAPOLI,CAMPANIA
URURI,MOLISE
ROMA,LAZIO
MILANO,LOMBARDIA
MILANO,LOMBARDIA
TIVOLI,LAZIO
CASTELLUCCHIO,LOMBARDIA
MOSCIANO SANT'ANGELO,ABRUZZO
VICENZA,VENETO
FELIZZANO,PIEMONTE
BARI,PUGLIA
SARONNO,LOMBARDIA
ROMA,LAZIO
IMPERIA,LIGURIA
MILANO,LOMBARDIA
FIRENZE,TOSCANA
MILANO,LOMBARDIA
ROSE,CALABRIA
VELLETRI,LAZIO
MILANO,LOMBARDIA
SPEZZANO PICCOLO,CALABRIA
ROMA,LAZIO
BELLUNO,VENETO
TARANTO,PUGLIA
SANT'ANTIMO,CAMPANIA
ROMA,LAZIO
PALERMO,SICILIA
PUTIGNANO,PUGLIA
PESCOSOLIDO,LAZIO
PADOVA,VENETO
SANT'AGATA DE' GOTI,CAMPANIA
TRADATE,LOMBARDIA
MILANO,LOMBARDIA
CASAL DI PRINCIPE,CAMPANIA
CERIGNOLA,PUGLIA
POTENZA,BASILICATA
SAN MANGO PIEMONTE,CAMPANIA
TERNI,UMBRIA
SESTO FIORENTINO,TOSCANA
POZZUOLI,CAMPANIA
LANUSEI,SARDEGNA
SALUZZO,PIEMONTE
VALENZA,PIEMONTE
PISTOIA,TOSCANA
CORSICO,LOMBARDIA
TORINO,PIEMONTE
VICENZA,VENETO
,
,
,
,
,
CASALE SUL SILE,VENETO
MARCIANISE,CAMPANIA
MILANO,LOMBARDIA
BARI,PUGLIA
CAMISANO VICENTINO,VENETO
CONEGLIANO,VENETO
TAGGIA,LIGURIA
SEDILO,SARDEGNA
PALERMO,SICILIA
BOLOGNA,EMILIA-ROMAGNA
MILANO,LOMBARDIA
NAPOLI,CAMPANIA
MATELICA,MARCHE
PREDAPPIO,EMILIA-ROMAGNA
MADDALONI,CAMPANIA
MANTOVA,LOMBARDIA
SAVONA,LIGURIA
GIULIANA,SICILIA
ROMA,LAZIO
BOLOGNA,EMILIA-ROMAGNA
MELFI,BASILICATA
BRESCIA,LOMBARDIA
MARCARIA,LOMBARDIA
PORLEZZA,LOMBARDIA
CATANIA,SICILIA
UDINE,FRIULI-VENEZIA-GIULIA
PIZZIGHETTONE,LOMBARDIA
POTENZA,BASILICATA
BRESCIA,LOMBARDIA
NAPOLI,CAMPANIA
SANT'ELENA,VENETO
TERAMO,ABRUZZO
NAPOLI,CAMPANIA
POGGIBONSI,TOSCANA
SAN COSTANTINO ALBANESE,BASILICATA
LANCIANO,ABRUZZO
CASTELLANETA,PUGLIA
COMO,LOMBARDIA
FORLI',EMILIA-ROMAGNA
SIRACUSA,SICILIA
BARI,PUGLIA
RECANATI,MARCHE
PORTO EMPEDOCLE,SICILIA
MIRABELLO MONFERRATO,PIEMONTE
DUINO-AURISINA,FRIULI-VENEZIA-GIULIA
RAGUSA,SICILIA
MESSINA,SICILIA
FIRENZE,TOSCANA
FOLIGNO,UMBRIA
LECCE,PUGLIA
TORINO,PIEMONTE
VERONA,VENETO
PATERNOPOLI,CAMPANIA
URURI,MOLISE
CAVRIGLIA,TOSCANA
MILANO,LOMBARDIA
MATERA,BASILICATA
MORBEGNO,LOMBARDIA
ISERNIA,MOLISE
BRESCIA,LOMBARDIA
BOLOGNA,EMILIA-ROMAGNA
TRAPANI,SICILIA
RIMINI,EMILIA-ROMAGNA
IGLESIAS,SARDEGNA
PANTELLERIA,SICILIA
NAPOLI,CAMPANIA
ASCOLI PICENO,MARCHE
VITTORIA,SICILIA
LICODIA EUBEA,SICILIA
CASTELNUOVO BORMIDA,PIEMONTE
BERGAMO,LOMBARDIA
VITERBO,LAZIO
REGGIO DI CALABRIA,CALABRIA
ROMA,LAZIO
PEGOGNAGA,LOMBARDIA
NAPOLI,CAMPANIA
CATANIA,SICILIA
LECCE,PUGLIA
ACI SANT'ANTONIO,SICILIA
FORLI',EMILIA-ROMAGNA
COLLI A VOLTURNO,MOLISE
CREMONA,LOMBARDIA
MONZA,LOMBARDIA
NAPOLI,CAMPANIA
EMPOLI,TOSCANA
NAPOLI,CAMPANIA
SOMMA VESUVIANA,CAMPANIA
GIARDINI-NAXOS,SICILIA
BOVILLE ERNICA,LAZIO
VIAREGGIO,TOSCANA
FRAGAGNANO,PUGLIA
ROCCADASPIDE,CAMPANIA
ROMA,LAZIO
ASTI,PIEMONTE
CARRARA,TOSCANA
MADDALONI,CAMPANIA
SCILLA,CALABRIA
RACALMUTO,SICILIA
ROMA,LAZIO
ANCONA,MARCHE
SALUGGIA,PIEMONTE
SAVIANO,CAMPANIA
MONTEFRANCO,UMBRIA
AGNONE,MOLISE
FOGGIA,PUGLIA
BRESCIA,LOMBARDIA
CORATO,PUGLIA
FIRENZE,TOSCANA
TERNI,UMBRIA
SENIGALLIA,MARCHE
NUORO,SARDEGNA
TREVIGLIO,LOMBARDIA
ROMA,LAZIO
NOVARA,PIEMONTE
TARSIA,CALABRIA
ROMA,LAZIO
ATESSA,ABRUZZO
PIACENZA,EMILIA-ROMAGNA
POLISTENA,CALABRIA
,
,
MARIGLIANELLA,CAMPANIA
PESARO,MARCHE
ROMA,LAZIO
FOGGIA,PUGLIA
NAPOLI,CAMPANIA
VERONA,VENETO
TORINO,PIEMONTE
FIRENZE,TOSCANA
RODELLO,PIEMONTE
LUCCA,TOSCANA
PORANO,UMBRIA
BRINDISI,PUGLIA
ANCONA,MARCHE
GRAVELLONA TOCE,PIEMONTE
CONVERSANO,PUGLIA
PETRALIA SOTTANA,SICILIA
PISTOIA,TOSCANA
MESSINA,SICILIA
MANTOVA,LOMBARDIA
CESANO MADERNO,LOMBARDIA
SAN FERDINANDO DI PUGLIA,PUGLIA
LEGNANO,LOMBARDIA
,
MASSA LOMBARDA,EMILIA-ROMAGNA
SPILIMBERGO,FRIULI-VENEZIA-GIULIA
URBINO,MARCHE
BENEVENTO,CAMPANIA
MONTE COMPATRI,LAZIO
MELILLI,SICILIA
FAENZA,EMILIA-ROMAGNA
MILANO,LOMBARDIA
VARESE,LOMBARDIA
ALBINO,LOMBARDIA
ARMENO,PIEMONTE
LEVANTO,LIGURIA
STRADELLA,LOMBARDIA
SERAVEZZA,TOSCANA
NAPOLI,CAMPANIA
SORBO SERPICO,CAMPANIA
GRASSANO,BASILICATA
FAVARA,SICILIA
ROMA,LAZIO
AVEZZANO,ABRUZZO
NOVAFELTRIA,MARCHE
CASTEL GANDOLFO,LAZIO
CAGLIARI,SARDEGNA
GRAGNANO TREBBIENSE,EMILIA-ROMAGNA
MILANO,LOMBARDIA
TIGLIOLE,PIEMONTE
BRINDISI,PUGLIA
VERONA,VENETO
LUCCA,TOSCANA
CASEI GEROLA,LOMBARDIA
ROVASENDA,PIEMONTE
BUCCHERI,SICILIA
FIRENZE,TOSCANA
MORTEGLIANO,FRIULI-VENEZIA-GIULIA
SOVICILLE,TOSCANA
GRADO,FRIULI-VENEZIA-GIULIA
VIADANA,LOMBARDIA
MILANO,LOMBARDIA
SAN FILIPPO DEL MELA,SICILIA
MESSINA,SICILIA
PISA,TOSCANA
BRESCIA,LOMBARDIA
CAVRIGLIA,TOSCANA
VITTORIO VENETO,VENETO
PALERMO,SICILIA
ORBETELLO,TOSCANA
ROMA,LAZIO
FABRIANO,MARCHE
LUCCA,TOSCANA
GONNOSFANADIGA,SARDEGNA
MORTARA,LOMBARDIA
VIGEVANO,LOMBARDIA
CASTELLAVAZZO,VENETO
ALBA,PIEMONTE
SUZZARA,LOMBARDIA
SANT'ANGELO IN VADO,MARCHE
PISTOIA,TOSCANA
MIGLIONICO,BASILICATA
FORGARIA NEL FRIULI,FRIULI-VENEZIA-GIULIA
REGGIO NELL'EMILIA,EMILIA-ROMAGNA
FOSSANO,PIEMONTE
PERUGIA,UMBRIA
ZIMELLA,VENETO
SENIGALLIA,MARCHE
STELLA,LIGURIA
PREDOI,TRENTINO ALTO-ADIGE
NOVARA,PIEMONTE
CATTOLICA ERACLEA,SICILIA
BOLOGNA,EMILIA-ROMAGNA
MILANO,LOMBARDIA
VICENZA,VENETO
ROSSANO,CALABRIA
MACERATA,MARCHE
MERCATO SAN SEVERINO,CAMPANIA
SAVONA,LIGURIA
COPERTINO,PUGLIA
RIPALIMOSANI,MOLISE
BARLETTA,PUGLIA
VICENZA,VENETO
FIRENZE,TOSCANA
PORTICI,CAMPANIA
CAGLIARI,SARDEGNA
FROSINONE,LAZIO
SESSA AURUNCA,CAMPANIA
SAN CIPIRELLO,SICILIA
SAN FRATELLO,SICILIA
MAROSTICA,VENETO
CATANZARO,CALABRIA
NAPOLI,CAMPANIA
ABBIATEGRASSO,LOMBARDIA
PALERMO,SICILIA
LINGUAGLOSSA,SICILIA
VENEZIA,VENETO
PORTOMAGGIORE,EMILIA-ROMAGNA
TRENTO,TRENTINO ALTO-ADIGE
CATANIA,SICILIA
PERUGIA,UMBRIA
FERRARA,EMILIA-ROMAGNA
CURTAROLO,VENETO
CAVALLERMAGGIORE,PIEMONTE
MAZZANO,LOMBARDIA
ROMA,LAZIO
LECCE,PUGLIA
TAVAGNACCO,FRIULI-VENEZIA-GIULIA
ROMA,LAZIO
CAROVILLI,MOLISE
FALERONE,MARCHE
AVEZZANO,ABRUZZO
AUGUSTA,SICILIA
MILANO,LOMBARDIA
LANCIANO,ABRUZZO
CALCINATE,LOMBARDIA
REGGIO NELL'EMILIA,EMILIA-ROMAGNA
REGGIO NELL'EMILIA,EMILIA-ROMAGNA
MEZZOJUSO,SICILIA
REGALBUTO,SICILIA
PONTE DI PIAVE,VENETO
CAIVANO,CAMPANIA
ACCUMOLI,LAZIO
BOLOGNA,EMILIA-ROMAGNA
RIBERA,SICILIA
MONTEFALCIONE,CAMPANIA
GAGLIANO DEL CAPO,PUGLIA
MOLFETTA,PUGLIA
ALESSANDRIA,PIEMONTE
ATESSA,ABRUZZO
MILANO,LOMBARDIA
FIRENZE,TOSCANA
NAPOLI,CAMPANIA
CALTAGIRONE,SICILIA
CAROVILLI,MOLISE
CALTANISSETTA,SICILIA
,
,
,
,
BUDRIO,EMILIA-ROMAGNA
IMOLA,EMILIA-ROMAGNA
BOLOGNA,EMILIA-ROMAGNA
REGGIO DI CALABRIA,CALABRIA
SANT'ANGELO LODIGIANO,LOMBARDIA
BAIANO,CAMPANIA
QUISTELLO,LOMBARDIA
SALUZZO,PIEMONTE
VINCHIATURO,MOLISE
RAVANUSA,SICILIA
SERRENTI,SARDEGNA
CREMONA,LOMBARDIA
LA VALLE AGORDINA,VENETO
MAIRAGO,LOMBARDIA
OSTUNI,PUGLIA
NAPOLI,CAMPANIA
MONTANASO LOMBARDO,LOMBARDIA
SAN CATALDO,SICILIA
VADO LIGURE,LIGURIA
LANCIANO,ABRUZZO
VALDIDENTRO,LOMBARDIA
DOMODOSSOLA,PIEMONTE
CERVIA,EMILIA-ROMAGNA
STARANZANO,FRIULI-VENEZIA-GIULIA
SANTA MARGHERITA DI BELICE,SICILIA
SORANO,TOSCANA
RECCO,LIGURIA
TARANTO,PUGLIA
PARMA,EMILIA-ROMAGNA
VERONA,VENETO
COMO,LOMBARDIA
COMO,LOMBARDIA
CIVITAVECCHIA,LAZIO
ENDINE GAIANO,LOMBARDIA
CIANCIANA,SICILIA
SASSARI,SARDEGNA
PIEGARO,UMBRIA
SASSARI,SARDEGNA
SCORDIA,SICILIA
IVREA,PIEMONTE
MAGLIE,PUGLIA
SEZZE,LAZIO
L'AQUILA,ABRUZZO
LIVORNO,TOSCANA
FROSINONE,LAZIO
PIANORO,EMILIA-ROMAGNA
MILANO,LOMBARDIA
MARSALA,SICILIA
TORINO,PIEMONTE
SESSA AURUNCA,CAMPANIA
SAN CANDIDO,TRENTINO ALTO-ADIGE
SILANDRO,TRENTINO ALTO-ADIGE
TARANTO,PUGLIA
CHIETI,ABRUZZO
,
GIUGLIANO IN CAMPANIA,CAMPANIA
PALERMO,SICILIA
ROMA,LAZIO
LA SPEZIA,LIGURIA
PIAZZA AL SERCHIO,TOSCANA
VALDAGNO,TRENTINO ALTO-ADIGE
CIVITA D'ANTINO,ABRUZZO
SAN BONIFACIO,VENETO
POZZOMAGGIORE,SARDEGNA
MODICA,SICILIA
SASSARI,SARDEGNA
URGNANO,LOMBARDIA
SEZZE,LAZIO
PAVIA,LOMBARDIA
CASTEL GOFFREDO,LOMBARDIA
TORINO,PIEMONTE
COSENZA,CALABRIA
PALMA DI MONTECHIARO,SICILIA
VILLA SAN GIUSEPPE,CALABRIA
TORINO,PIEMONTE
CORTALE,CALABRIA
CASTELLEONE,LOMBARDIA
ROMA,LAZIO
LIVORNO,TOSCANA
THIENE,VENETO
NAPOLI,CAMPANIA
VITTORIO VENETO,VENETO
CAVA MANARA,LOMBARDIA
ALTAMURA,PUGLIA
CERVIGNANO DEL FRIULI,FRIULI-VENEZIA-GIULIA
PALESTRO,LOMBARDIA
FOGGIA,PUGLIA
CALIMERA,PUGLIA
BAGHERIA,SICILIA
CATANIA,SICILIA
GUARDIA LOMBARDI,CAMPANIA
FRANCOFONTE,SICILIA
SAN POSSIDONIO,EMILIA-ROMAGNA
SANTO STEFANO DI CAMASTRA,SICILIA
POJANA MAGGIORE,VENETO
TORINO,PIEMONTE
CHIERI,PIEMONTE
TORINO,PIEMONTE
SAMBUCA DI SICILIA,SICILIA
TIVOLI,LAZIO
PIZZOLI,ABRUZZO
UDINE,FRIULI-VENEZIA-GIULIA
FERRARA,EMILIA-ROMAGNA
PARMA,EMILIA-ROMAGNA
BOLOGNA,EMILIA-ROMAGNA
GIFFONI VALLE PIANA,CAMPANIA
GRANOZZO CON MONTICELLO,PIEMONTE
REGGIO DI CALABRIA,CALABRIA
ANGERA,LOMBARDIA
LATRONICO,BASILICATA
ROMA,LAZIO
S. ALBERTO DI RAVENNA,EMILIA-ROMAGNA
MEZZOLOMBARDO,TRENTINO ALTO-ADIGE
LECCO,LOMBARDIA
SAN PIETRO MOSEZZO,PIEMONTE
FORLI',EMILIA-ROMAGNA
FORLI',EMILIA-ROMAGNA
POZZALLO,SICILIA
MILANO,LOMBARDIA
LECCE,PUGLIA
LA SPEZIA,LIGURIA
SANNICANDRO DI BARI,PUGLIA
DICOMANO,TOSCANA
META,CAMPANIA
LUCERA,PUGLIA
MILANO,LOMBARDIA
BRUGHERIO,LOMBARDIA
ROMA,LAZIO
MILANO,LOMBARDIA
PETILIA POLICASTRO,CALABRIA
BUSTO ARSIZIO,LOMBARDIA
NAPOLI,CAMPANIA
REGGIO NELL'EMILIA,EMILIA-ROMAGNA
PESCARA,ABRUZZO
LODI,LOMBARDIA
CASTELL'ARQUATO,EMILIA-ROMAGNA
CREMONA,LOMBARDIA
ALESSANDRIA,PIEMONTE
LA SPEZIA,LIGURIA
CONSELICE,EMILIA-ROMAGNA
MONTEU ROERO,PIEMONTE
SALERNO,CAMPANIA
VALDAGNO,VENETO
PINEROLO,PIEMONTE
ROMA,LAZIO
TORRE DEL GRECO,CAMPANIA
CATANZARO,CALABRIA
SAN GIORGIO DI PIANO,EMILIA-ROMAGNA
INTRA,PIEMONTE
POTENZA,BASILICATA
CERZETO,CALABRIA
MILANO,LOMBARDIA
LA SPEZIA,LIGURIA
SCILLA,CALABRIA
PORTO MANTOVANO,LOMBARDIA
SANTA MARGHERITA DI BELICE,SICILIA
MANTOVA,LOMBARDIA
CAMPOBASSO,MOLISE
ROMA,LAZIO
CAMPOBASSO,MOLISE
GIAVENO,PIEMONTE
CORIGLIANO CALABRO,CALABRIA
NOVARA,PIEMONTE
OLZAI,SARDEGNA
RAVENNA,EMILIA-ROMAGNA
GALLICO,CALABRIA
MESSINA,SICILIA
LAURO,CAMPANIA
VENEZIA,VENETO
CASALE MONFERRATO,PIEMONTE
GIUNCARICO,TOSCANA
FIRENZE,TOSCANA
TORINO,PIEMONTE
ORTONA,ABRUZZO
ARPAISE,CAMPANIA
TRENTO,TRENTINO ALTO-ADIGE
SAN GREGORIO NELLE ALPI,VENETO
PALERMO,SICILIA
PALERMO,SICILIA
SAN SEVERO,PUGLIA
TRANI,PUGLIA
GENOVA,LIGURIA
PALERMO,SICILIA
TOLFA,LAZIO
FAGNANO OLONA,LOMBARDIA
BARCELLONA POZZO DI GOTTO,SICILIA
LURAS,SARDEGNA
TORRALBA,SARDEGNA
VICENZA,VENETO
ROMA,LAZIO
CASTELNUOVO DON BOSCO,PIEMONTE
NAPOLI,CAMPANIA
,
,
,
,
MONTEGIORDANO,CALABRIA
PADOVA,VENETO
AGNONE,MOLISE
ATINA,LAZIO
ROMA,LAZIO
GIMIGLIANO,CALABRIA
PEZZANA,PIEMONTE
LUCCA,TOSCANA
SANTA MARIA CAPUA VETERE,CAMPANIA
MESSINA,SICILIA
ANCONA,MARCHE
LIVORNO,TOSCANA
CESENA,EMILIA-ROMAGNA
MINERBIO,EMILIA-ROMAGNA
PORTO EMPEDOCLE,SICILIA
GENOVA,LIGURIA
ENNA,SICILIA
ABBADIA SAN SALVATORE,TOSCANA
TUGLIE,PUGLIA
VINCHIO,PIEMONTE
PESCIA,TOSCANA
ROVIGO,VENETO
MESSINA,SICILIA
VIAREGGIO,TOSCANA
SANTA LUCIA DI SERINO,CAMPANIA
NAPOLI,CAMPANIA
POZZUOLI,CAMPANIA
ELVA,PIEMONTE
OMEGNA,PIEMONTE
FIGLINE VALDARNO,TOSCANA
PALIZZI,CALABRIA
TRAPANI,SICILIA
MONTAZZOLI,ABRUZZO
MERCATO SAN SEVERINO,CAMPANIA
CAMPOLONGO MAGGIORE,VENETO
ALTOFONTE,SICILIA
MANCIANO,TOSCANA
TORINO,PIEMONTE
VERGATO,EMILIA-ROMAGNA
ROMA,LAZIO
PAPASIDERO,CALABRIA
ROMA,LAZIO
CANEGRATE,LOMBARDIA
RIMINI,EMILIA-ROMAGNA
TROIA,PUGLIA
BERGAMO,LOMBARDIA
CATANIA,SICILIA
ALATRI,LAZIO
NUORO,SARDEGNA
PIENZA,TOSCANA
BELLUNO,VENETO
NAPOLI,CAMPANIA
ROMA,LAZIO
CHIETI,ABRUZZO
,
SERRAMANNA,SARDEGNA
ROMA,LAZIO
POGGIARDO,PUGLIA
NOVI LIGURE,PIEMONTE
GENOVA,LIGURIA
SAN CATALDO,SICILIA
VARESE,LOMBARDIA
LAVELLO,BASILICATA
RHO,LOMBARDIA
MESSINA,SICILIA
ANCONA,MARCHE
BELLUNO,VENETO
SANTA MARIA CAPUA VETERE,CAMPANIA
FIRENZE,TOSCANA
AGRIGENTO,SICILIA
CIVITAVECCHIA,LAZIO
TIVOLI,LAZIO
VENARIA REALE,PIEMONTE
CATANIA,SICILIA
CATANIA,SICILIA
REGGIO DI CALABRIA,CALABRIA
PORDENONE,FRIULI-VENEZIA-GIULIA
MANFREDONIA,PUGLIA
GALATINA,PUGLIA
BARI,PUGLIA
BIELLA,PIEMONTE
CAVA DE' TIRRENI,CAMPANIA
MONTEFIASCONE,LAZIO
ASTI,PIEMONTE
SAN GIORGIO A CREMANO,CAMPANIA
VITERBO,LAZIO
MILANO,LOMBARDIA
ROMA,LAZIO
BRUNICO,TRENTINO ALTO-ADIGE
PERUGIA,UMBRIA
NEGRAR,VENETO
SINISCOLA,SARDEGNA
BARI,PUGLIA
GUARDAVALLE,CALABRIA
CATANIA,SICILIA
MILANO,LOMBARDIA
NAPOLI,CAMPANIA
ROSARNO,CALABRIA
RHO,LOMBARDIA
CATANIA,SICILIA
CARBONIA,SARDEGNA
ROMA,LAZIO
CAGLIARI,SARDEGNA
LAMEZIA TERME,CALABRIA
SALERNO,CAMPANIA
MONZA,LOMBARDIA
TREVIGLIO,LOMBARDIA
MORBEGNO,LOMBARDIA
GATTINARA,PIEMONTE
PISTOIA,TOSCANA
CATANIA,SICILIA
CAGLIARI,SARDEGNA
CASERTA,CAMPANIA
NAPOLI,CAMPANIA
COLLE DI VAL D'ELSA,TOSCANA
ROMA,LAZIO
VOLTURARA APPULA,PUGLIA
ASCOLI PICENO,MARCHE
MILANO,LOMBARDIA
CAMPOSAMPIERO,VENETO
BARI,PUGLIA
FOGGIA,PUGLIA
ANCONA,MARCHE
CASALE MONFERRATO,PIEMONTE
ROMA,LAZIO
VILLARICCA,CAMPANIA
BOLZANO,TRENTINO ALTO-ADIGE
BRESCIA,LOMBARDIA
LECCE,PUGLIA
REGGELLO,TOSCANA
BRESCIA,LOMBARDIA
VARESE,LOMBARDIA
COLLECCHIO,EMILIA-ROMAGNA
CORBETTA,LOMBARDIA
ROMA,LAZIO
CEGLIE MESSAPICA,PUGLIA
RAVENNA,EMILIA-ROMAGNA
NAPOLI,CAMPANIA
CALTANISSETTA,SICILIA
MILANO,LOMBARDIA
GENOVA,LIGURIA
IRSINA,BASILICATA
POTENZA,BASILICATA
MILANO,LOMBARDIA
NAPOLI,CAMPANIA
CAMPOBASSO,MOLISE
BOLOGNA,EMILIA-ROMAGNA
CANOSA DI PUGLIA,PUGLIA
MACERATA,MARCHE
POTENZA,BASILICATA
PADOVA,VENETO
CECINA,TOSCANA
AFRAGOLA,CAMPANIA
PALERMO,SICILIA
ROMA,LAZIO
FOLIGNO,UMBRIA
BOLOGNA,EMILIA-ROMAGNA
BATTIPAGLIA,CAMPANIA
NUORO,SARDEGNA
BARI,PUGLIA
TARANTO,PUGLIA
FANO,MARCHE
CESENA,EMILIA-ROMAGNA
FOGGIA,PUGLIA
BONDENO,EMILIA-ROMAGNA
LETTERE,CAMPANIA
ROSETO DEGLI ABRUZZI,ABRUZZO
NAPOLI,CAMPANIA
BOLOGNA,EMILIA-ROMAGNA
CATANIA,SICILIA
FIRENZE,TOSCANA
CASERTA,CAMPANIA
ROMA,LAZIO
BOLOGNA,EMILIA-ROMAGNA
SASSARI,SARDEGNA
ORTONA,ABRUZZO
ROMA,LAZIO
BARI,PUGLIA
ROMA,LAZIO
CAGLIARI,SARDEGNA
ROMA,LAZIO
REGGIO NELL'EMILIA,EMILIA-ROMAGNA
RIBERA,SICILIA
L'AQUILA,ABRUZZO
BOLOGNA,EMILIA-ROMAGNA
TREVISO,VENETO
FAENZA,EMILIA-ROMAGNA
MANFREDONIA,PUGLIA
ROMA,LAZIO
CREMA,LOMBARDIA
NAPOLI,CAMPANIA
PORDENONE,FRIULI-VENEZIA-GIULIA
ROMA,LAZIO
UDINE,FRIULI-VENEZIA-GIULIA
ROMA,LAZIO
NAPOLI,CAMPANIA
GUIDONIA MONTECELIO,LAZIO
OSIMO,MARCHE
LIVORNO,TOSCANA
GALATINA,PUGLIA
POPOLI,ABRUZZO
NAPOLI,CAMPANIA
GROTTAGLIE,PUGLIA
PALERMO,SICILIA
SCANDIANO,EMILIA-ROMAGNA
MATERA,BASILICATA
ROMA,LAZIO
VILLARICCA,CAMPANIA
GUASTALLA,EMILIA-ROMAGNA
CAGLIARI,SARDEGNA
PADOVA,VENETO
MESAGNE,PUGLIA
FORLI',EMILIA-ROMAGNA
PALERMO,SICILIA
PIETRASANTA,TOSCANA
ALCAMO,SICILIA
NAPOLI,CAMPANIA
CATANZARO,CALABRIA
BARI,PUGLIA
ROMA,LAZIO
ROMA,LAZIO
VICO EQUENSE,CAMPANIA
ROMA,LAZIO
MESSINA,SICILIA
ACQUAVIVA DELLE FONTI,PUGLIA
BRESSANONE/BRIXEN,TRENTINO ALTO-ADIGE
BENEVENTO,CAMPANIA
GENOVA,LIGURIA
TIONE DI TRENTO,TRENTINO ALTO-ADIGE
SAVIGLIANO,PIEMONTE
MILANO,LOMBARDIA
TIVOLI,LAZIO
RIETI,LAZIO
VERONA,VENETO
VARESE,LOMBARDIA
BENEVENTO,CAMPANIA
CAPUA,CAMPANIA
ALATRI,LAZIO
UMBERTIDE,UMBRIA
ROMA,LAZIO
VENEZIA,VENETO
CORIGLIANO CALABRO,CALABRIA
NOVI LIGURE,PIEMONTE
ESTE,VENETO
EBOLI,CAMPANIA
MESSINA,SICILIA
FELTRE,VENETO
ALESSANDRIA,PIEMONTE
ODERZO,VENETO
TORINO,PIEMONTE
LA SPEZIA,LIGURIA
CASTEL GOFFREDO,LOMBARDIA
ROMA,LAZIO
TREVIGLIO,LOMBARDIA
SAVIGLIANO,PIEMONTE
VARESE,LOMBARDIA
SALERNO,CAMPANIA
BUSSOLENGO,VENETO
BASSANO DEL GRAPPA,VENETO
RIVOLI,PIEMONTE
MILANO,LOMBARDIA
,
ATRIPALDA,CAMPANIA
TORINO,PIEMONTE
ROMA,LAZIO
FIRENZE,TOSCANA
GROTTAGLIE,PUGLIA
NOALE,VENETO
CORIGLIANO CALABRO,CALABRIA
PETRIZZI,CALABRIA
COSENZA,CALABRIA
MILANO,LOMBARDIA
SANT'ARCANGELO,BASILICATA
CALCINATE,LOMBARDIA
REGGIO NELL'EMILIA,EMILIA-ROMAGNA
ROMA,LAZIO
CAVA DE' TIRRENI,CAMPANIA
CONVERSANO,PUGLIA
PONTREMOLI,TOSCANA
POTENZA PICENA,MARCHE
PISA,TOSCANA
REGGIO NELL'EMILIA,EMILIA-ROMAGNA
PALERMO,SICILIA
PADOVA,VENETO
FIRENZE,TOSCANA
,
GENOVA,LIGURIA
VIMERCATE,LOMBARDIA
SCHIO,VENETO
PINEROLO,PIEMONTE
LODI,LOMBARDIA
SAN BONIFACIO,VENETO
BUSTO ARSIZIO,LOMBARDIA
PADOVA,VENETO
BOLLATE,LOMBARDIA
TORINO,PIEMONTE
TORINO,PIEMONTE
BORGOSESIA,PIEMONTE
BATTIPAGLIA,CAMPANIA
NAPOLI,CAMPANIA
AVELLINO,CAMPANIA
MILANO,LOMBARDIA
NOVARA,PIEMONTE
CASERTA,CAMPANIA
GENOVA,LIGURIA
VENEZIA,VENETO
BRENO,LOMBARDIA
SAN BENEDETTO DEL TRONTO,MARCHE
MILANO,LOMBARDIA
PIEVE DI CADORE,VENETO
ALZANO LOMBARDO,LOMBARDIA
ROCCHETTA TANARO,PIEMONTE
BOLZANO/BOZEN,TRENTINO ALTO-ADIGE
VARESE,LOMBARDIA
REGGIO DI CALABRIA,CALABRIA
MADDALONI,CAMPANIA
NOVARA,PIEMONTE
PAVIA,LOMBARDIA
CAPRINO VERONESE,VENETO
MILANO,LOMBARDIA
FORMIA,LAZIO
CHIERI,PIEMONTE
BERGAMO,LOMBARDIA
NICASTRO,CALABRIA
SORIANELLO,CALABRIA
AGORDO,VENETO
DESENZANO DEL GARDA,LOMBARDIA
IVREA,PIEMONTE
TORINO,PIEMONTE
AVERSA,CAMPANIA
ROMA,LAZIO
PEDEROBBA,VENETO
VENEZIA,VENETO
MILANO,LOMBARDIA
TREVISO,VENETO
MONZA,LOMBARDIA
BERGAMO,LOMBARDIA
NARNI,UMBRIA
ERBA,LOMBARDIA
VERONA,VENETO
LEGNANO,LOMBARDIA
LECCO,LOMBARDIA
LATINA,LAZIO
MONTEGRANARO,MARCHE
CAGLIARI,SARDEGNA
FIRENZE,TOSCANA
ROMA,LAZIO
CAMAIORE,TOSCANA
VERCELLI,PIEMONTE
CASTELLAMMARE DI STABIA,CAMPANIA
MASSA,TOSCANA
TAVIANO,PUGLIA
GENOVA,LIGURIA
GAMBASSI,TOSCANA
BARCELLONA POZZO DI GOTTO,SICILIA
BUSTO ARSIZIO,LOMBARDIA
SALO',LOMBARDIA
LECCE,PUGLIA
ROMA,LAZIO
SASSARI,SARDEGNA
VERONA,VENETO
VEGLIO,PIEMONTE
MUGNANO DI NAPOLI,CAMPANIA
TORINO,PIEMONTE
MILANO,LOMBARDIA
ASCOLI PICENO,MARCHE
FRANCAVILLA FONTANA,PUGLIA
PADOVA,VENETO
VENOSA,BASILICATA
NAPOLI,CAMPANIA
RIMINI,EMILIA-ROMAGNA
ROMA,LAZIO
CARRARA,TOSCANA
VERONA,VENETO
NAPOLI,CAMPANIA
TELESE,CAMPANIA
GINOSA,PUGLIA
VOLTA MANTOVANA,LOMBARDIA
PESCARA,ABRUZZO
GHILARZA,SARDEGNA
BRESCIA,LOMBARDIA
SAN BENEDETTO DEL TRONTO,MARCHE
FROSINONE,LAZIO
NAPOLI,CAMPANIA
VERONA,VENETO
BERGAMO,LOMBARDIA
UDINE,FRIULI-VENEZIA-GIULIA
TORINO,PIEMONTE
MILANO,LOMBARDIA
MODENA,EMILIA-ROMAGNA
MERANO,TRENTINO ALTO-ADIGE
SIRACUSA,SICILIA
NAPOLI,CAMPANIA
TRICASE,PUGLIA
ROMA,LAZIO
ROMA,LAZIO
MILANO,LOMBARDIA
ROMA,LAZIO
BOLZANO,TRENTINO ALTO-ADIGE
GENOVA,LIGURIA
FROSINONE,LAZIO
ROMA,LAZIO
FIRENZE,TOSCANA
NAPOLI,CAMPANIA
ROMA,LAZIO
COMO,LOMBARDIA
PRATO,TOSCANA
MANDURIA,PUGLIA
AOSTA,VALLE D'AOSTA
ROMA,LAZIO
FOGGIA,PUGLIA
MILANO,LOMBARDIA
MILANO,LOMBARDIA
TREVISO,VENETO
CASERTA,CAMPANIA
BONDENO,EMILIA-ROMAGNA
OZIERI,SARDEGNA
FOGGIA,PUGLIA
NAPOLI,CAMPANIA
VICENZA,VENETO
PISA,TOSCANA
FANO,MARCHE
MONTALCINO,TOSCANA
NAPOLI,CAMPANIA
NAPOLI,CAMPANIA
COSENZA,CALABRIA
CONDOFURI,CALABRIA
FIRENZE,TOSCANA
CASERTA,CAMPANIA
LETTOMANOPPELLO,ABRUZZO
GENOVA,LIGURIA
SALERNO,CAMPANIA
MARATEA,BASILICATA
MOTTA SANT'ANASTASIA,SICILIA
ATRIPALDA,CAMPANIA
RIVANAZZANO TERME,LOMBARDIA
ROMA,LAZIO
,
,
,
VIZZOLO PREDABISSI,LOMBARDIA
MOTTA DI LIVENZA,VENETO
VITTORIO VENETO,VENETO
CECCANO,LAZIO
FERRARA,EMILIA-ROMAGNA
MONZA,LOMBARDIA
AVELLINO,CAMPANIA
RIETI,LAZIO
ROMA,LAZIO
BELVEDERE MARITTIMO,CALABRIA
PADOVA,VENETO
PALERMO,SICILIA
PIACENZA,EMILIA-ROMAGNA
ROGLIANO,CALABRIA
REGGIO DI CALABRIA,CALABRIA
AVEZZANO,ABRUZZO
FORTE DEI MARMI,TOSCANA
ROMA,LAZIO
FIRENZE,TOSCANA
FIRENZE,TOSCANA
PALMANOVA,FRIULI-VENEZIA-GIULIA
UDINE,FRIULI-VENEZIA-GIULIA
NAPOLI,CAMPANIA
GROSSETO,TOSCANA
CROTONE,CALABRIA
,
,
TREVISO,VENETO
